Date,Close_BTC-USD,Close_CL=F,Close_GLD,Close_^GSPC,Close_^IXIC,Close_^VIX,BTC_Price_CSV,BTC_MarketCap,Crypto_Total_Cap,BTC_Price,BTC_Dominance
2022-01-04,45897.57421875,76.98999786376953,169.57000732421875,4793.5400390625,15622.7197265625,16.90999984741211,46531.140860530526,880330191985.1965,2352626039695.543,45897.57421875,37.419044809141084
2022-01-05,43569.00390625,77.8499984741211,169.05999755859375,4700.580078125,15100.169921875,19.729999542236328,45938.02427172366,876242689666.1957,2348377701243.8,43569.00390625,37.31268139712366
2022-01-06,43160.9296875,79.45999908447266,166.99000549316406,4696.0498046875,15080.8603515625,19.610000610351562,43647.14750806805,827723202715.1049,2213515197820.032,43160.9296875,37.39406006926374
2022-01-07,41557.90234375,78.9000015258789,167.75,4677.02978515625,14935.900390625,18.760000228881836,43216.45867693359,819522879407.0583,2190192707808.4744,41557.90234375,37.417843484059446
2022-01-08,41733.94140625,,,,,,41527.197042644846,787735561341.1113,2082371705129.0945,41733.94140625,37.82876800529118
2022-01-09,41911.6015625,,,,,,41756.66232397826,792892599975.9554,2056427560361.3704,41911.6015625,38.55679700366507
2022-01-10,41821.26171875,78.2300033569336,168.25999450683594,4670.2900390625,14942.830078125,19.399999618530273,41862.3609856517,791648558214.5575,2078980323360.8965,41821.26171875,38.078694123221524
2022-01-11,42735.85546875,81.22000122070312,170.2899932861328,4713.06982421875,15153.4501953125,18.40999984741211,41869.85905559219,792407724467.5966,2048217284880.2244,42735.85546875,38.68767880815609
2022-01-12,43949.1015625,82.63999938964844,170.74000549316406,4726.35009765625,15188.3896484375,17.6200008392334,42777.21102048236,809621515508.4065,2122791342007.028,43949.1015625,38.13947699367082
2022-01-13,42591.5703125,82.12000274658203,170.16000366210938,4659.02978515625,14806.8095703125,20.309999465942383,43981.87732717414,832460077955.3481,2209430924871.236,42591.5703125,37.677578809297394
2022-01-14,43099.69921875,83.81999969482422,169.6699981689453,4662.85009765625,14893.75,19.190000534057617,42608.41001195019,806510860231.8285,2142903617259.0037,43099.69921875,37.63635721813003
2022-01-15,43177.3984375,,,,,,43120.85451108056,816129314317.4397,2178767599703.848,43177.3984375,37.45830048273039
2022-01-16,43113.87890625,,,,,,43226.65026980921,816800318526.6782,2191598240236.9023,43113.87890625,37.269619199839546
2022-01-17,42250.55078125,,,,,,43119.79214308028,816325578941.135,2202896575933.788,42250.55078125,37.05691805322735
2022-01-18,42375.6328125,85.43000030517578,169.38999938964844,4577.10986328125,14506.900390625,22.790000915527344,42298.341116872325,800822650383.9624,2138076402823.2815,42375.6328125,37.45528687966876
2022-01-19,41744.328125,86.95999908447266,172.0800018310547,4532.759765625,14340.259765625,23.850000381469727,42395.45879157343,803962100417.9756,2120476657544.2173,41744.328125,37.91421601165213
2022-01-20,40680.41796875,86.9000015258789,171.64999389648438,4482.72998046875,14154.01953125,25.59000015258789,41749.55143098559,790507925308.7825,2078517964765.8665,40680.41796875,38.03228736576394
2022-01-21,36457.31640625,85.13999938964844,171.08999633789062,4397.93994140625,13768.919921875,28.850000381469727,40707.6824143097,774235809673.4731,2020986941538.4424,36457.31640625,38.30978784474971
2022-01-22,35030.25,,,,,,36508.79978983082,692855029162.9379,1789786524305.7236,35030.25,38.71160162141143
2022-01-23,36276.8046875,,,,,,35180.435462830384,666220701468.4846,1695405780827.1772,36276.8046875,39.29564880588291
2022-01-24,36654.328125,83.30999755859375,172.02999877929688,4410.1298828125,13855.1298828125,29.899999618530273,36306.409440464704,687575973800.0704,1766633767600.214,36654.328125,38.920119518267214
2022-01-25,36954.00390625,85.5999984741211,172.5800018310547,4356.4501953125,13539.2900390625,31.15999984741211,36774.00714224005,696465421899.37,1745967920908.7568,36954.00390625,39.889932315415486
2022-01-26,36852.12109375,87.3499984741211,169.7899932861328,4349.93017578125,13542.1201171875,31.959999084472656,36988.92851066736,700571452648.8236,1761729261295.295,36852.12109375,39.76612457090796
2022-01-27,37138.234375,86.61000061035156,167.60000610351562,4326.509765625,13352.7802734375,30.489999771118164,36870.440166931,700165819656.2855,1756782594545.7705,37138.234375,39.855006637137066
2022-01-28,37784.33203125,86.81999969482422,167.10000610351562,4431.85009765625,13770.5703125,27.65999984741211,37276.839558174994,702311456032.8538,1749135229291.7405,37784.33203125,40.15192446368104
2022-01-29,38138.1796875,,,,,,37852.57902803263,717026944842.8334,1789051729131.5671,38138.1796875,40.07860327162754
2022-01-30,37917.6015625,,,,,,38232.17873217708,722829009646.1814,1814915882177.345,37917.6015625,39.82713561242338
2022-01-31,38483.125,88.1500015258789,168.08999633789062,4515.5498046875,14239.8798828125,24.829999923706055,37983.151499406464,719570142321.8397,1797782445736.7275,38483.125,40.02542932979643
2022-02-01,38743.2734375,88.19999694824219,168.22999572753906,4546.5400390625,14346.0,21.959999084472656,38555.53446121157,727905398095.9747,1835333623368.84,38743.2734375,39.66065835811751
2022-02-02,36952.984375,88.26000213623047,168.83999633789062,4589.3798828125,14417.5498046875,22.09000015258789,38835.69494322237,736102274236.6057,1865430331320.4043,36952.984375,39.46018577469852
2022-02-03,37154.6015625,90.2699966430664,168.60000610351562,4477.43994140625,13878.8203125,24.350000381469727,37000.98249864199,700645616423.8325,1789751126244.1624,37154.6015625,39.14765612658979
2022-02-04,41500.875,92.30999755859375,168.86000061035156,4500.52978515625,14098.009765625,23.219999313354492,37101.351593780935,703003347951.7092,1797119400001.945,41500.875,39.118343942586584
2022-02-05,41441.1640625,,,,,,41673.8395543094,777355085535.6107,1982760851110.355,41441.1640625,39.205690645964104
2022-02-06,42412.43359375,,,,,,41493.690050910525,786295053042.2418,1983651452081.4688,42412.43359375,39.63877082423796
2022-02-07,43840.28515625,91.31999969482422,170.11000061035156,4483.8701171875,14015.669921875,22.860000610351562,42475.543220951215,804942041477.0581,2025827209678.6235,43840.28515625,39.733992989695984
2022-02-08,44118.4453125,89.36000061035156,170.6300048828125,4521.5400390625,14194.4501953125,21.440000534057617,43910.92998644309,833392518214.8341,2101529628223.9048,44118.4453125,39.656472458071924
2022-02-09,44338.796875,89.66000366210938,171.2100067138672,4587.18017578125,14490.3701171875,19.959999084472656,44184.447511676175,837406846076.2306,2094090225903.9907,44338.796875,39.98905279808243
2022-02-10,43565.11328125,89.87999725341797,170.55999755859375,4504.080078125,14185.6396484375,23.90999984741211,44383.88805541707,841339973338.8694,2129123616122.1653,43565.11328125,39.515787949937184
2022-02-11,42407.9375,93.0999984741211,173.80999755859375,4418.64013671875,13791.150390625,27.360000610351562,43628.13953235228,826942197610.3904,2065724013833.9375,42407.9375,40.03159144553895
2022-02-12,42244.46875,,,,,,42445.38876793804,803706779791.898,1983962354451.7231,42244.46875,40.51018296735806
2022-02-13,42197.515625,,,,,,42254.738123237206,799547462142.6093,1979363293326.8623,42197.515625,40.394174472072315
2022-02-14,42586.91796875,95.45999908447266,174.74000549316406,4401.669921875,13790.919921875,28.329999923706055,42247.83595326771,802059713029.3901,1968762116256.759,42586.91796875,40.7392902578987
2022-02-15,44575.203125,92.06999969482422,173.0800018310547,4471.06982421875,14139.759765625,25.700000762939453,42634.573783663065,808280617642.0496,1986749266507.2493,44575.203125,40.683574483609874
2022-02-16,43961.859375,93.66000366210938,174.86000061035156,4475.009765625,14124.08984375,24.290000915527344,44574.32057099816,848321283143.9929,2099556733777.7551,43961.859375,40.404780185082174
2022-02-17,40538.01171875,91.76000213623047,177.25,4380.259765625,13716.7197265625,28.110000610351562,44063.28198279571,836256083783.791,2074891229504.211,40538.01171875,40.30361070944485
2022-02-18,40030.9765625,91.06999969482422,177.1199951171875,4348.8701171875,13548.0703125,27.75,40562.98694982819,770096677778.6456,1930085070296.942,40030.9765625,39.89962357774038
2022-02-19,40122.15625,,,,,,40073.495362369824,759881874201.3011,1901244543187.2727,40122.15625,39.967603164158184
2022-02-20,38431.37890625,,,,,,40192.75912143141,761447243939.9269,1902732252998.9092,38431.37890625,40.01862283775369
2022-02-21,37075.28125,,,,,,38514.00853622455,730381814665.4404,1822452026549.613,37075.28125,40.076874673526945
2022-02-22,38286.02734375,92.3499984741211,177.49000549316406,4304.759765625,13381.51953125,28.809999465942383,37059.97940228752,703004241590.1829,1755968698896.1064,38286.02734375,40.03512374862536
2022-02-23,37296.5703125,92.0999984741211,178.2899932861328,4225.5,13037.490234375,31.020000457763672,38337.2038554348,727094284067.6588,1808337187110.3623,37296.5703125,40.20789315456822
2022-02-24,38332.609375,92.80999755859375,177.13999938964844,4288.7001953125,13473.58984375,30.31999969482422,37372.2926803477,708829287814.1068,1774040095702.6672,38332.609375,39.95565204704979
2022-02-25,39214.21875,91.58999633789062,176.5500030517578,4384.64990234375,13694.6201171875,27.59000015258789,38363.345488570165,727657714638.0917,1787267501711.8823,39214.21875,40.71341944846677
2022-02-26,39105.1484375,,,,,,39316.16207578596,745763194704.1796,1859862362523.928,39105.1484375,40.0977625942245
2022-02-27,37709.78515625,,,,,,39090.202153609054,741083625917.93,1860631629757.647,37709.78515625,39.82968009710006
2022-02-28,43193.234375,95.72000122070312,178.3800048828125,4373.93994140625,13751.400390625,30.149999618530273,37803.59016044929,717619764688.0872,1789112794368.224,43193.234375,40.11037017604554
2022-03-01,44354.63671875,103.41000366210938,181.6199951171875,4306.259765625,13532.4599609375,33.31999969482422,43225.40467743573,819019441071.749,1993954077154.3347,44354.63671875,41.07514061911647
2022-03-02,43924.1171875,110.5999984741211,179.72999572753906,4386.5400390625,13752.01953125,30.739999771118164,44459.59162774341,841254375272.0455,2032590350063.9128,43924.1171875,41.38828934446103
2022-03-03,42451.7890625,107.66999816894531,180.8000030517578,4363.490234375,13537.9404296875,30.479999542236328,43980.707382090906,834437956671.6672,2015717453044.005,42451.7890625,41.39657348362755
2022-03-04,39137.60546875,115.68000030517578,183.67999267578125,4328.8701171875,13313.4404296875,31.979999542236328,42491.97839335905,807454920681.7217,1958359575423.275,39137.60546875,41.23118812372341
2022-03-05,39400.5859375,,,,,,39200.29973557414,743810477766.2219,1830893767282.7156,39400.5859375,40.62553988974103
2022-03-06,38419.984375,,,,,,39463.14681149058,748197160856.1006,1855445976651.525,38419.984375,40.3243840171705
2022-03-07,38062.0390625,119.4000015258789,186.41000366210938,4201.08984375,12830.9599609375,36.45000076293945,38442.99174588676,729501899968.2964,1796182507129.822,38062.0390625,40.61401873543413
2022-03-08,38737.26953125,123.69999694824219,191.50999450683594,4170.7001953125,12795.5498046875,35.130001068115234,38076.49382252028,723198804467.6718,1771937409977.266,38737.26953125,40.81401523527574
2022-03-09,41982.92578125,108.69999694824219,185.82000732421875,4277.8798828125,13255.5498046875,32.45000076293945,38732.93701302586,735453953725.9198,1806560301572.6504,41982.92578125,40.710180174206805
2022-03-10,39437.4609375,106.0199966430664,186.39999389648438,4259.52001953125,13129.9599609375,30.229999542236328,41986.03444607623,796849504897.2562,1921830676431.6135,39437.4609375,41.46304430819149
2022-03-11,38794.97265625,109.33000183105469,185.08999633789062,4204.31005859375,12843.8095703125,30.75,39468.35477300189,749384110700.1091,1835552000770.9216,38794.97265625,40.82608993836034
2022-03-12,38904.01171875,,,,,,38775.17558840679,738267961692.6816,1810598036463.4983,38904.01171875,40.77481289743822
2022-03-13,37849.6640625,,,,,,38903.69354800599,738456528057.6692,1812940272805.1204,37849.6640625,40.7325348294609
2022-03-14,39666.75390625,103.01000213623047,182.3000030517578,4173.10986328125,12581.2197265625,31.770000457763672,37852.52514106289,718551088031.3688,1774053011895.4146,39666.75390625,40.50336056551445
2022-03-15,39338.78515625,96.44000244140625,178.88999938964844,4262.4501953125,12948.6201171875,29.829999923706055,39669.423812004505,751354026218.9767,1831559585008.481,39338.78515625,41.022636247758086
2022-03-16,41143.9296875,95.04000091552734,180.00999450683594,4357.85986328125,13436.5498046875,26.670000076293945,39331.84654059453,747642430663.595,1828837594010.8745,41143.9296875,40.880744857388876
2022-03-17,40951.37890625,102.9800033569336,180.88999938964844,4411.669921875,13614.7802734375,25.670000076293945,41165.63506140341,779761001844.4108,1902226115260.2983,40951.37890625,40.99202484861844
2022-03-18,41801.15625,104.69999694824219,179.3000030517578,4463.1201171875,13893.83984375,23.8700008392334,41001.70957801974,778474325709.8895,1914935395335.731,41801.15625,40.65277228704656
2022-03-19,42190.65234375,,,,,,41837.41313797566,794378970588.3145,1961233340488.94,42190.65234375,40.50405192429953
2022-03-20,41247.82421875,,,,,,42201.939920688186,800887993391.0255,1983884627472.5884,41247.82421875,40.36968593336668
2022-03-21,41077.99609375,112.12000274658203,180.6699981689453,4461.18017578125,13838.4599609375,23.530000686645508,41283.25900104565,784054464871.6631,1938781173084.3235,41077.99609375,40.440585856543294
2022-03-22,42358.80859375,111.76000213623047,179.36000061035156,4511.60986328125,14108.8203125,22.940000534057617,41061.81589384987,779205413378.8728,1950477626135.9824,42358.80859375,39.94946688635066
2022-03-23,42892.95703125,114.93000030517578,181.80999755859375,4456.240234375,13922.599609375,23.56999969482422,42401.89559748944,803937099701.4115,2000066041727.7563,42892.95703125,40.19552769402208
2022-03-24,43960.93359375,112.33999633789062,183.1300048828125,4520.16015625,14191.83984375,21.670000076293945,42802.15471016985,810894331277.664,2035217305119.2087,43960.93359375,39.843132683571966
2022-03-25,44348.73046875,113.9000015258789,182.3800048828125,4543.06005859375,14169.2998046875,20.809999465942383,43936.09623454058,834251096724.507,2080206796884.248,44348.73046875,40.10423857734027
2022-03-26,44500.828125,,,,,,44331.77795706412,842031938721.7855,2075837699408.966,44500.828125,40.563476564739595
2022-03-27,46820.4921875,,,,,,44510.84421762133,845235093872.7649,2097793320924.1208,46820.4921875,40.29162861003016
2022-03-28,47128.00390625,105.95999908447266,179.05999755859375,4575.52001953125,14354.900390625,19.6299991607666,46715.1176185105,887283025181.1342,2190100025265.5745,47128.00390625,40.51335623693904
2022-03-29,47465.73046875,104.23999786376953,179.13999938964844,4631.60009765625,14619.6396484375,18.899999618530273,46994.879118357465,892747620147.7012,2213102230303.732,47465.73046875,40.33919481546852
2022-03-30,47062.6640625,107.81999969482422,180.5800018310547,4602.4501953125,14442.26953125,19.329999923706055,47459.261237539096,901430001889.0,2241154211575.9663,47062.6640625,40.221685648981726
2022-03-31,45538.67578125,100.27999877929688,180.64999389648438,4530.41015625,14220.51953125,20.559999465942383,47063.36584996355,895356010540.8462,2245097546941.132,45538.67578125,39.880494803476935
2022-04-01,46281.64453125,99.2699966430664,179.5,4545.85986328125,14261.5,19.6299991607666,45528.40715313835,865010142444.9791,2186243487996.401,46281.64453125,39.56604775242688
2022-04-02,45868.94921875,,,,,,46270.20070585378,879144224206.3806,2244616960471.068,45868.94921875,39.166781668702995
2022-04-03,46453.56640625,,,,,,45842.14476317382,871050305858.7916,2236239145463.517,46453.56640625,38.95157222454598
2022-04-04,46622.67578125,103.27999877929688,180.3699951171875,4582.64013671875,14532.5498046875,18.56999969482422,46434.562982661664,882346640419.069,2271033002902.4424,46622.67578125,38.85221567856591
2022-04-05,45555.9921875,101.95999908447266,179.24000549316406,4525.1201171875,14204.169921875,21.030000686645508,46622.63571309101,885584977681.2438,2265144833284.0723,45555.9921875,39.096174543386574
2022-04-06,43206.73828125,96.2300033569336,179.66000366210938,4481.14990234375,13888.8203125,22.100000381469727,45635.45438126673,867247321783.443,2218958443298.308,43206.73828125,39.08353148310194
2022-04-07,43503.84765625,96.02999877929688,180.33999633789062,4500.2099609375,13897.2998046875,21.549999237060547,43198.77526936491,820983263462.4961,2079659509796.8489,43503.84765625,39.47681144894212
2022-04-08,42287.6640625,98.26000213623047,181.47000122070312,4488.27978515625,13711.0,21.15999984741211,43515.15032279806,827032889944.6309,2112266711981.713,42287.6640625,39.15380975581037
2022-04-09,42782.13671875,,,,,,42315.70972421807,804272478980.6077,2051219404653.4963,42782.13671875,39.20948081692266
2022-04-10,42207.671875,,,,,,42796.39747810973,812734148492.5116,2086135487691.936,42207.671875,38.95883816212275
2022-04-11,39521.90234375,94.29000091552734,182.3699951171875,4412.52978515625,13411.9599609375,24.3700008392334,42274.907370256085,803574629064.9272,2060811766716.6116,39521.90234375,38.99311145458096
2022-04-12,40127.18359375,100.5999984741211,183.77000427246094,4397.4501953125,13371.5703125,24.260000228881836,39603.96515928416,752680814425.1921,1920458228679.012,40127.18359375,39.19277197416181
2022-04-13,41166.73046875,104.25,184.64999389648438,4446.58984375,13643.58984375,21.81999969482422,40205.67794073206,764314681923.3135,1961530496703.376,41166.73046875,38.965220434138054
2022-04-14,39935.515625,106.94999694824219,184.0399932861328,4392.58984375,13351.080078125,22.700000762939453,41205.16871904067,783560801481.9719,2008435591415.3296,39935.515625,39.01348914703321
2022-04-15,40553.46484375,,,,,,39959.457069033735,759703443634.6515,1957108866112.248,40553.46484375,38.81763844562132
2022-04-16,40424.484375,,,,,,40586.59730938673,771666602547.5923,1982304977614.2556,40424.484375,38.92774377615238
2022-04-17,39716.953125,,,,,,40450.37930543977,770439827829.2395,1982748239885.6973,39716.953125,38.85716866775049
2022-04-18,40826.21484375,108.20999908447266,184.61000061035156,4391.68994140625,13332.3603515625,22.170000076293945,39739.11925622209,755627152747.4514,1941869255324.4675,40826.21484375,38.91235986540162
2022-04-19,41502.75,102.55999755859375,181.82000732421875,4462.2099609375,13619.66015625,21.3700008392334,40833.5379650337,776463403746.4385,1986595973901.7417,41502.75,39.08511916599922
2022-04-20,41374.37890625,102.75,182.7100067138672,4459.4501953125,13453.0703125,20.31999969482422,41498.12244669832,789141783336.2104,2022106874861.5808,41374.37890625,39.02572080371517
2022-04-21,40527.36328125,103.79000091552734,182.05999755859375,4393.66015625,13174.650390625,22.68000030517578,41397.220477279625,787437397453.9304,2017698347491.3584,40527.36328125,39.02651743918836
2022-04-22,39740.3203125,102.06999969482422,180.2899932861328,4271.77978515625,12839.2900390625,28.209999084472656,40528.54148675958,770787243369.5001,1971386698268.5928,39740.3203125,39.098734106629536
2022-04-23,39486.73046875,,,,,,39756.848993471016,756144456297.8489,1953644503127.653,39486.73046875,38.70430137557332
2022-04-24,39469.29296875,,,,,,39561.78019075613,752414150959.3553,1937758820245.2712,39469.29296875,38.82909178883875
2022-04-25,40458.30859375,98.54000091552734,177.0500030517578,4296.1201171875,13004.849609375,27.020000457763672,39469.04986198146,752446283899.8965,1928690537307.5083,40458.30859375,39.01332377304692
2022-04-26,38117.4609375,101.69999694824219,177.32000732421875,4175.2001953125,12490.740234375,33.52000045776367,40488.877917622376,770112436973.4149,1967815707542.494,38117.4609375,39.13539433706267
2022-04-27,39241.12109375,102.0199966430664,175.97999572753906,4183.9599609375,12488.9296875,31.600000381469727,38134.21545068938,725434540422.046,1854129384018.2627,39241.12109375,39.12534619616927
2022-04-28,39773.828125,105.36000061035156,176.92999267578125,4287.5,12871.5302734375,29.989999771118164,39237.94931747103,746473028158.29,1897842810587.2173,39773.828125,39.3327110124216
2022-04-29,38609.82421875,104.69000244140625,176.91000366210938,4131.93017578125,12334.6396484375,33.400001525878906,39741.76664580964,756090806420.8264,1914516621598.0825,38609.82421875,39.492517217724824
2022-04-30,37714.875,,,,,,38650.55013809267,735829877665.6912,1850598840311.8645,37714.875,39.76171721482806
2022-05-01,38469.09375,,,,,,37820.61176529208,719611115951.2947,1784698910754.9077,38469.09375,40.321149501173124
2022-05-02,38529.328125,105.16999816894531,173.6300048828125,4155.3798828125,12536.01953125,32.34000015258789,38537.65476669535,733294957352.5364,1835149147811.8352,38529.328125,39.95833026579286
2022-05-03,37750.453125,102.41000366210938,174.08999633789062,4175.47998046875,12563.759765625,29.25,38561.56539902362,733787526677.6703,1830885472324.5864,37750.453125,40.078286586982195
2022-05-04,39698.37109375,107.80999755859375,175.8000030517578,4300.169921875,12964.8603515625,25.420000076293945,37758.496107734,718542028695.8999,1800143818000.3345,39698.37109375,39.91581236515217
2022-05-05,36575.140625,108.26000213623047,175.1300048828125,4146.8701171875,12317.6904296875,31.200000762939453,39699.02404125388,755764276888.7715,1901343201520.4148,36575.140625,39.748966745426195
2022-05-06,36040.921875,109.7699966430664,175.4199981689453,4123.33984375,12144.66015625,30.190000534057617,36612.22954880304,696020943881.887,1772427295520.447,36040.921875,39.26936499121735
2022-05-07,35501.953125,,,,,,36116.394294982965,687093350325.4445,1749327316348.3433,35501.953125,39.27757509439267
2022-05-08,34059.265625,,,,,,35573.31019883488,678702448510.6605,1711321524177.8396,34059.265625,39.65955192649877
2022-05-09,30296.953125,103.08999633789062,172.8800048828125,3991.239990234375,11623.25,34.75,34070.31219757961,648514321641.9902,1652991709748.5674,30296.953125,39.23276310566822
2022-05-10,31022.90625,99.76000213623047,171.4199981689453,4001.050048828125,11737.669921875,32.9900016784668,30269.58695662948,576197842487.6378,1455128572242.7854,31022.90625,39.597727202864675
2022-05-11,28936.35546875,105.70999908447266,172.82000732421875,3935.179931640625,11364.240234375,32.560001373291016,31026.93386836242,590644412746.6844,1488384307444.2378,28936.35546875,39.683595815445194
2022-05-12,29047.751953125,106.12999725341797,170.1699981689453,3930.080078125,11370.9599609375,31.770000457763672,28913.48836365432,549294001873.1765,1324555996797.6052,29047.751953125,41.47004756319938
2022-05-13,29283.103515625,110.48999786376953,168.7899932861328,4023.889892578125,11805.0,28.8700008392334,29126.11597686014,555266177876.6213,1286429320261.4592,29283.103515625,43.163364603954044
2022-05-14,30101.265625,,,,,,29310.728959858257,558053182541.2809,1318295118615.2852,30101.265625,42.33143054701215
2022-05-15,31305.11328125,,,,,,30189.333177005963,573777699744.01,1353131612272.9978,31305.11328125,42.40368745654941
2022-05-16,29862.91796875,114.19999694824219,170.39999389648438,4008.010009765625,11662.7900390625,27.469999313354492,31319.30911113,596346266888.6597,1403780736715.7158,29862.91796875,42.48143967866883
2022-05-17,30425.857421875,112.4000015258789,169.3300018310547,4088.85009765625,11984.51953125,26.100000381469727,29923.606993639707,569801943005.2971,1338921568714.7727,30425.857421875,42.55678273614253
2022-05-18,28720.271484375,109.58999633789062,169.4199981689453,3923.679931640625,11418.150390625,30.959999084472656,30502.19328027689,581272773175.8237,1373302551182.744,28720.271484375,42.32663608432155
2022-05-19,30314.333984375,112.20999908447266,171.91000366210938,3900.7900390625,11388.5,29.350000381469727,28772.200501112577,547927169401.2031,1285096988620.2424,30314.333984375,42.637028508602356
2022-05-20,29200.740234375,113.2300033569336,172.02999877929688,3901.360107421875,11354.6201171875,29.43000030517578,30382.40624219559,578678245847.8763,1341007733035.3228,29200.740234375,43.152491338589
2022-05-21,29432.2265625,,,,,,29256.81337441625,557201657280.7389,1306093293161.92,29432.2265625,42.66170419815953
2022-05-22,30323.72265625,,,,,,29491.5079477606,561696351558.8424,1319994122725.1953,30323.72265625,42.55294337214105
2022-05-23,29098.91015625,110.29000091552734,172.8300018310547,3973.75,11535.26953125,28.479999542236328,30351.050417138096,578090387085.146,1356266960224.2488,29098.91015625,42.62364298762856
2022-05-24,29655.5859375,109.7699966430664,174.1300048828125,3941.47998046875,11264.4501953125,29.450000762939453,29163.167775739188,555459414424.212,1312179072796.2708,29655.5859375,42.331067911372855
2022-05-25,29562.361328125,110.33000183105469,173.0800018310547,3978.72998046875,11434.740234375,28.3700008392334,29655.02613175249,564885248021.9939,1328814305331.1875,29562.361328125,42.51047311544441
2022-05-26,29267.224609375,114.08999633789062,172.75999450683594,4057.840087890625,11740.650390625,27.5,29584.949851985926,563577022957.9133,1318747849872.588,29267.224609375,42.73576810095758
2022-05-27,28627.57421875,115.06999969482422,172.85000610351562,4158.240234375,12131.1298828125,25.719999313354492,29346.781442431617,559066076343.6685,1273577880916.1108,28627.57421875,43.89728219380826
2022-05-28,28814.900390625,,,,,,28646.65218193245,545752899521.8662,1240127370555.436,28814.900390625,44.00781020399791
2022-05-29,29445.95703125,,,,,,29088.236452817226,554938694217.2793,1267936609176.228,29445.95703125,43.767069284151376
2022-05-30,31726.390625,,,,,,29492.50321495364,561771345708.952,1282622524680.1228,31726.390625,43.798649633808196
2022-05-31,31792.310546875,114.66999816894531,171.13999938964844,4132.14990234375,12081.3896484375,26.190000534057617,31740.94072516695,604926607440.7722,1373915394980.8545,31792.310546875,44.029392905172436
2022-06-01,29799.080078125,115.26000213623047,172.22999572753906,4101.22998046875,11994.4599609375,25.690000534057617,31865.749621173167,607393396318.7885,1371462841148.204,29799.080078125,44.28799513155398
2022-06-02,30467.48828125,116.87000274658203,174.35000610351562,4176.81982421875,12316.900390625,24.719999313354492,29833.45033020525,569001624438.0176,1292656393386.7583,30467.48828125,44.01801030413302
2022-06-03,29704.390625,118.87000274658203,172.5800018310547,4108.5400390625,12012.73046875,24.790000915527344,30481.013996026013,580863150152.0535,1312564866912.354,29704.390625,44.254052869665934
2022-06-04,29832.9140625,,,,,,29714.143487149733,566275595800.1772,1278875775054.9705,29832.9140625,44.27917135077774
2022-06-05,29906.662109375,,,,,,29872.3603087139,568340135127.331,1288689028437.8457,29906.662109375,44.102193980519516
2022-06-06,31370.671875,118.5,171.82000732421875,4121.43017578125,12061.3701171875,25.06999969482422,29917.7640524562,570209935092.4275,1289861862468.9265,31370.671875,44.20705438960633
2022-06-07,31155.478515625,119.41000366210938,172.94000244140625,4160.68017578125,12175.23046875,24.020000457763672,31372.5847629755,597966736176.5532,1332836382002.2676,31155.478515625,44.86422671612935
2022-06-08,30214.35546875,122.11000061035156,172.77999877929688,4115.77001953125,12086.26953125,23.959999084472656,31265.469277693348,597205650752.5386,1319519037613.5754,30214.35546875,45.259343270455474
2022-06-09,30111.998046875,121.51000213623047,172.22999572753906,4017.820068359375,11754.23046875,26.09000015258789,30229.236836130374,576238781341.3682,1294040980056.9617,30111.998046875,44.53018028192608
2022-06-10,29083.8046875,120.66999816894531,174.5399932861328,3900.860107421875,11340.01953125,27.75,30101.187521431468,573819802894.6453,1291858294664.6355,29083.8046875,44.41816918035953
2022-06-11,28360.810546875,,,,,,29101.2982596468,554622874799.0432,1239765118114.3564,28360.810546875,44.73612514946437
2022-06-12,26762.6484375,,,,,,28374.14499732395,540789214973.6274,1188035985857.249,26762.6484375,45.51959885149531
2022-06-13,22487.388671875,120.93000030517578,169.92999267578125,3749.6298828125,10809.23046875,34.02000045776367,26767.269173221317,514202090511.0678,1127005631601.79,22487.388671875,45.62551207310676
2022-06-14,22206.79296875,118.93000030517578,168.57000732421875,3735.47998046875,10828.349609375,32.689998626708984,22525.7683503912,429492202561.014,986071050554.6031,22206.79296875,43.555908300872595
2022-06-15,22572.83984375,115.30999755859375,170.77000427246094,3789.989990234375,11099.150390625,29.6200008392334,22244.848968001315,423044474596.5387,985566486138.1052,22572.83984375,42.92399148577161
2022-06-16,20381.650390625,117.58999633789062,172.69000244140625,3666.77001953125,10646.099609375,32.95000076293945,22529.198114649807,429887916884.8431,1009783195801.504,20381.650390625,42.57229855599096
2022-06-17,20471.482421875,109.55999755859375,171.27000427246094,3674.840087890625,10798.349609375,31.1299991607666,20408.690490591813,389181727345.5773,921096386922.8936,20471.482421875,42.25200889623686
2022-06-18,19017.642578125,,,,,,20473.05288079512,391441740414.39136,930160668050.4718,19017.642578125,42.08323936496003
2022-06-19,20553.271484375,,,,,,19047.41782828195,362303884192.0101,875772660508.1779,20553.271484375,41.36962713380192
2022-06-20,20599.537109375,,,,,,20516.41197977524,390555374756.5322,940600742946.4912,20599.537109375,41.52190795991643
2022-06-21,20710.59765625,110.6500015258789,170.6300048828125,3764.7900390625,11069.2998046875,30.190000534057617,20636.75891240637,392793374515.9921,946089104060.2604,20710.59765625,41.517587807561675
2022-06-22,19987.029296875,106.19000244140625,171.30999755859375,3759.889892578125,11053.080078125,28.950000762939453,20700.923933039136,395059669321.2376,953266943478.7064,19987.029296875,41.44271151159059
2022-06-23,21085.876953125,104.2699966430664,170.25999450683594,3795.72998046875,11232.1904296875,29.049999237060547,19983.566482863105,381616262301.266,922286269038.9148,21085.876953125,41.377203056371656
2022-06-24,21231.65625,107.62000274658203,170.08999633789062,3911.739990234375,11607.6201171875,27.229999542236328,21100.270533511088,402495826231.4205,971311118102.0696,21231.65625,41.43840410453579
2022-06-25,21502.337890625,,,,,,21262.71348295613,407086114490.3726,1000681760483.4875,21502.337890625,40.680876834777685
2022-06-26,21027.294921875,,,,,,21525.88036221139,410110791491.0548,1008634681929.412,21027.294921875,40.659993041936254
2022-06-27,20735.478515625,109.56999969482422,169.89999389648438,3900.110107421875,11524.5498046875,26.950000762939453,21052.80539783573,401645800330.4072,985573599858.2548,20735.478515625,40.75249178632341
2022-06-28,20280.634765625,111.76000213623047,169.6199951171875,3821.550048828125,11181.5400390625,28.360000610351562,20751.47753079077,395914576106.05786,975611027408.9,20280.634765625,40.58119116975924
2022-06-29,20104.0234375,109.77999877929688,169.49000549316406,3818.830078125,11177.8896484375,28.15999984741211,20282.54247926969,386606940573.39575,946912067155.0784,20104.0234375,40.828177608394554
2022-06-30,19784.7265625,105.76000213623047,168.4600067138672,3785.3798828125,11028.740234375,28.709999084472656,20108.529472889782,384067866465.5609,934123332938.808,19784.7265625,41.11532737944361
2022-07-01,19269.3671875,108.43000030517578,168.32000732421875,3825.330078125,11127.849609375,26.700000762939453,19608.397493423083,365984224323.4528,921006617728.1868,19269.3671875,39.73741526702736
2022-07-02,19242.255859375,,,,,,19407.447430262477,370916529918.7163,908645398263.044,19242.255859375,40.820823021583124
2022-07-03,19297.076171875,,,,,,19268.227002666128,367706689137.568,908318076198.99,19297.076171875,40.48215033617944
2022-07-04,20231.26171875,,,,,,19310.233218521837,368549364135.05225,911843310260.72,20231.26171875,40.41805867168936
2022-07-05,20190.115234375,99.5,164.75,3831.389892578125,11322.240234375,27.540000915527344,20257.01232859288,386425176262.7784,949731276974.9624,20190.115234375,40.687843564929324
2022-07-06,20548.24609375,98.52999877929688,162.13999938964844,3845.080078125,11361.849609375,26.729999542236328,20188.779663973284,385301783065.72974,943257685051.4432,20548.24609375,40.84798768903921
2022-07-07,21637.587890625,102.7300033569336,162.22999572753906,3902.6201171875,11621.349609375,26.079999923706055,20566.68722377,392479833070.6018,962081846305.9816,21637.587890625,40.79484864802003
2022-07-08,21731.1171875,104.79000091552734,162.3000030517578,3899.3798828125,11635.3095703125,24.639999389648438,21660.596837075183,414055638573.8548,998349884040.5498,21731.1171875,41.474000767954934
2022-07-09,21592.20703125,,,,,,21858.818749217564,417690286504.50726,1001488446672.8644,21592.20703125,41.70695007936977
2022-07-10,20860.44921875,,,,,,21589.628101459668,412459838738.2113,997534858445.6766,20860.44921875,41.34791233069204
2022-07-11,19970.556640625,104.08999633789062,161.42999267578125,3854.429931640625,11372.599609375,26.170000076293945,20859.81407965063,398249545888.6735,967183707752.13,19970.556640625,41.17620496464535
2022-07-12,19323.9140625,95.83999633789062,160.8300018310547,3818.800048828125,11264.73046875,27.290000915527344,19998.46783957584,382000290322.39886,926809750392.9528,19323.9140625,41.21668877139421
2022-07-13,20212.07421875,96.30000305175781,161.60000610351562,3801.780029296875,11247.580078125,26.81999969482422,19350.73735007727,370191767290.5106,899572383506.2245,20212.07421875,41.15197110071678
2022-07-14,20569.919921875,95.77999877929688,159.3300018310547,3790.3798828125,11251.1904296875,26.399999618530273,20225.23866433186,385462566548.9708,939892068516.6978,20569.919921875,41.01136497058575
2022-07-15,20836.328125,97.58999633789062,159.00999450683594,3863.159912109375,11452.419921875,24.229999542236328,20574.84059150044,393104346702.71136,959239754914.8728,20836.328125,40.980823062071394
2022-07-16,21190.31640625,,,,,,20794.811981436706,397285233065.6553,977005971075.474,21190.31640625,40.66354196672201
2022-07-17,20779.34375,,,,,,21193.08334336837,404705642580.8908,1011844013093.8416,20779.34375,39.996841147821975
2022-07-18,22485.689453125,102.5999984741211,159.16000366210938,3830.85009765625,11360.0498046875,25.299999237060547,20824.36275165164,397660610560.5498,997825040365.3788,22485.689453125,39.852739155046294
2022-07-19,23389.43359375,104.22000122070312,159.5399932861328,3936.68994140625,11713.150390625,24.5,22395.365383103952,425756736660.6174,1073736708537.068,23389.43359375,39.65187492199064
2022-07-20,23231.732421875,102.26000213623047,158.0399932861328,3959.89990234375,11897.650390625,23.8799991607666,23366.90769792785,445889013251.1064,1093622410870.1798,23231.732421875,40.77175164107316
2022-07-21,23164.62890625,96.3499984741211,160.27000427246094,3998.949951171875,12059.6103515625,23.110000610351562,23313.296731959555,446130012149.9108,1084781870629.245,23164.62890625,41.1262415264302
2022-07-22,22714.978515625,94.69999694824219,160.6699981689453,3961.6298828125,11834.1103515625,23.030000686645508,23155.207555248304,442379611364.02734,1102705722308.6987,22714.978515625,40.11764901680493
2022-07-23,22465.478515625,,,,,,22696.90275429005,433485926857.3929,1080957250261.2751,22465.478515625,40.10204166285172
2022-07-24,22609.1640625,,,,,,22506.199573628983,429803379587.5513,1073298414167.5452,22609.1640625,40.045095931769225
2022-07-25,21361.701171875,96.69999694824219,160.22999572753906,3966.840087890625,11782.669921875,23.360000610351562,22613.71920824845,433819662321.5266,1085142032808.98,21361.701171875,39.97814564408205
2022-07-26,21239.75390625,94.9800033569336,160.0399932861328,3921.050048828125,11562.5703125,24.690000534057617,21330.295450788173,407480099599.8142,1010398896592.2444,21239.75390625,40.32863663787793
2022-07-27,22930.548828125,97.26000213623047,161.6699981689453,4023.610107421875,12032.419921875,23.239999771118164,21235.61231608577,405692421501.5272,1018115919634.586,22930.548828125,39.84737039050869
2022-07-28,23843.88671875,96.41999816894531,163.63999938964844,4072.429931640625,12162.58984375,22.329999923706055,22908.884260468687,437193517021.8447,1091088712032.4158,23843.88671875,40.06947484659303
2022-07-29,23804.6328125,98.62000274658203,164.10000610351562,4130.2900390625,12390.6904296875,21.329999923706055,23822.06759782312,454806622614.75885,1141373692743.0188,23804.6328125,39.847302027939676
2022-07-30,23656.20703125,,,,,,23847.58331873861,459609388579.5554,1150997516666.7544,23656.20703125,39.931397064223646
2022-07-31,23336.896484375,,,,,,23653.4595494308,451726702392.36206,1141627437548.6577,23336.896484375,39.568662028859904
2022-08-01,23314.19921875,93.88999938964844,165.02999877929688,4118.6298828125,12368.98046875,22.84000015258789,23379.70052509082,447051019373.1847,1128416695227.4082,23314.19921875,39.61754742410038
2022-08-02,22978.1171875,94.41999816894531,164.0500030517578,4091.18994140625,12348.759765625,23.93000030517578,23333.749243312184,445958949620.3002,1124037794220.8535,22978.1171875,39.674729080566586
2022-08-03,22846.5078125,90.66000366210938,164.4499969482422,4155.169921875,12668.16015625,21.950000762939453,23053.84684748268,440954684720.7478,1095019477846.0796,22846.5078125,40.26911791451532
2022-08-04,22630.95703125,88.54000091552734,167.1699981689453,4151.93994140625,12720.580078125,21.440000534057617,22860.42098438317,437035641450.2815,1125200707725.4812,22630.95703125,38.84068312876555
2022-08-05,23289.314453125,89.01000213623047,165.2899932861328,4145.18994140625,12657.5498046875,21.149999618530273,22678.363633874185,432420621055.8012,1108457304813.6006,23289.314453125,39.011030842411884
2022-08-06,22961.279296875,,,,,,23225.036201942938,443821669890.4801,1148074387693.3696,22961.279296875,38.65791926446294
2022-08-07,23175.890625,,,,,,22984.57953144855,439414782173.1877,1129615935140.9348,23175.890625,38.899485081924304
2022-08-08,23809.486328125,90.76000213623047,166.69000244140625,4140.06005859375,12644.4599609375,21.290000915527344,23197.603469525384,442979379284.1196,1148911500790.023,23809.486328125,38.55644050734238
2022-08-09,23164.318359375,90.5,167.1999969482422,4122.47021484375,12493.9296875,21.770000457763672,23823.67944245361,455450642522.2554,1172216086109.5024,23164.318359375,38.85381269880556
2022-08-10,23947.642578125,91.93000030517578,166.77999877929688,4210.240234375,12854.7998046875,19.739999771118164,23203.680696781623,443382534834.6949,1130474810790.975,23947.642578125,39.22091236375866
2022-08-11,23957.529296875,94.33999633789062,166.33999633789062,4207.27001953125,12779.91015625,20.200000762939453,23948.829553271637,457270455537.3291,1202522070900.0305,23957.529296875,38.025951174025764
2022-08-12,24402.818359375,92.08999633789062,167.8699951171875,4280.14990234375,13047.1904296875,19.530000686645508,23948.75170368143,458070674127.7904,1195631579781.958,24402.818359375,38.31202536581768
2022-08-13,24424.068359375,,,,,,24411.37987152261,466765701334.6809,1218608860411.161,24424.068359375,38.30315998007706
2022-08-14,24319.333984375,,,,,,24433.653747243658,467078368768.6749,1221579175368.3386,24319.333984375,38.23561977698567
2022-08-15,24136.97265625,89.41000366210938,165.7100067138672,4297.14013671875,13128.0498046875,19.950000762939453,24312.54142489156,464896345363.0234,1219072906197.9197,24136.97265625,38.13523727739596
2022-08-16,23883.291015625,86.52999877929688,165.4199981689453,4305.2001953125,13102.5498046875,19.690000534057617,24179.0146523092,462437221425.1544,1201503195298.9983,23883.291015625,38.4882223563355
2022-08-17,23335.998046875,88.11000061035156,164.35000610351562,4274.0400390625,12938.1201171875,19.899999618530273,23913.333725628458,456791042838.0383,1190868373281.588,23335.998046875,38.357811248214865
2022-08-18,23212.73828125,90.5,163.9199981689453,4283.740234375,12965.33984375,19.559999465942383,23359.418837070007,447015816173.3428,1168195948938.8633,23212.73828125,38.26548248000619
2022-08-19,20877.552734375,90.7699966430664,162.72000122070312,4228.47998046875,12705.2197265625,20.600000381469727,23248.38422819264,444845955425.38696,1143586931946.6523,20877.552734375,38.89918142630007
2022-08-20,21166.060546875,,,,,,20945.8339660496,400810425580.64777,1060689878172.0828,21166.060546875,37.787710982155865
2022-08-21,21534.12109375,,,,,,21175.232732989512,404924875533.8922,1057712230266.0144,21534.12109375,38.28308531821115
2022-08-22,21398.908203125,90.2300033569336,161.63999938964844,4137.990234375,12381.5703125,23.799999237060547,21615.761693416986,413578924865.8514,1072388944220.6288,21398.908203125,38.566130982115325
2022-08-23,21528.087890625,93.73999786376953,162.77000427246094,4128.72998046875,12381.2998046875,24.110000610351562,21387.747114773963,408409110509.79584,1069250735183.8386,21528.087890625,38.19582227732368
2022-08-24,21395.01953125,94.88999938964844,163.25,4140.77001953125,12431.5302734375,22.81999969482422,21562.45153991356,412338357271.396,1071181410564.4736,21395.01953125,38.49379322724698
2022-08-25,21600.904296875,92.5199966430664,163.75,4199.1201171875,12639.26953125,21.780000686645508,21395.45846975991,409503007623.0169,1081642143275.1335,21600.904296875,37.85937984841009
2022-08-26,20260.01953125,93.05999755859375,161.75999450683594,4057.659912109375,12141.7099609375,25.559999465942383,21618.009019176647,413843488595.5175,1085321091429.3206,20260.01953125,38.130972655336834
2022-08-27,20041.73828125,,,,,,20271.322951706014,387215087166.7839,1015545532244.0564,20041.73828125,38.128776590760296
2022-08-28,19616.814453125,,,,,,20069.9533315962,383790676113.79205,1005808854344.9471,19616.814453125,38.15741673538391
2022-08-29,20297.994140625,97.01000213623047,161.86000061035156,4030.610107421875,12017.669921875,26.209999084472656,19659.24670619362,376180531070.6233,988318034362.805,20297.994140625,38.06270026360056
2022-08-30,19796.80859375,91.63999938964844,160.50999450683594,3986.159912109375,11883.1396484375,26.209999084472656,20308.861447891457,389119405471.2333,1028083975839.4886,19796.80859375,37.84899041476601
2022-08-31,20049.763671875,89.55000305175781,159.27000427246094,3955.0,11816.2001953125,25.8700008392334,19805.35069885804,379555151404.602,1017528928295.206,20049.763671875,37.30165706841558
2022-09-01,20127.140625,86.61000061035156,157.8699951171875,3966.85009765625,11785.1298828125,25.559999465942383,20023.55444491251,383348414528.7825,1021274654652.6312,20127.140625,37.53627026602082
2022-09-02,19969.771484375,86.87000274658203,159.25999450683594,3924.260009765625,11630.8603515625,25.469999313354492,20153.975977982507,385027707310.6654,1022948615018.1272,19969.771484375,37.639007635182395
2022-09-03,19832.087890625,,,,,,19941.45137004716,381788074511.76855,1021717438739.2406,19832.087890625,37.3672857128562
2022-09-04,19986.712890625,,,,,,19814.5642451146,379422449024.2574,1019507597368.8358,19986.712890625,37.216245372126494
2022-09-05,19812.37109375,,,,,,19980.01322224228,382421043401.0045,1024967477565.8514,19812.37109375,37.3105539220814
2022-09-06,18837.66796875,86.87999725341797,158.3300018310547,3908.18994140625,11544.91015625,26.90999984741211,19785.73350185514,378685143698.17633,1046119037543.8516,18837.66796875,36.19904906685177
2022-09-07,19290.32421875,81.94000244140625,159.94000244140625,3979.8701171875,11791.900390625,24.639999389648438,18859.50008768028,361210437263.86273,992757490713.8092,19290.32421875,36.38455923451622
2022-09-08,19329.833984375,83.54000091552734,158.97999572753906,4006.179931640625,11862.1298828125,23.610000610351562,19280.62547645678,369340091982.8708,1021262787010.2336,19329.833984375,36.16503966272197
2022-09-09,21381.15234375,86.79000091552734,159.82000732421875,4067.360107421875,12112.3095703125,22.790000915527344,19322.77774937157,369723445425.44885,1028518852039.3844,21381.15234375,35.947172450203304
2022-09-10,21680.5390625,,,,,,21359.58252557909,408976281844.7646,1090995339403.1698,21680.5390625,37.48652877550288
2022-09-11,21769.255859375,,,,,,21707.38731931814,415974687298.0947,1108403411602.9482,21769.255859375,37.52917781951982
2022-09-12,22370.44921875,87.77999877929688,160.6300048828125,4110.41015625,12266.41015625,23.8700008392334,21739.80437979554,416073628622.0949,1110005084197.9312,22370.44921875,37.48393899679675
2022-09-13,20296.70703125,87.30999755859375,158.5399932861328,3932.68994140625,11633.5703125,27.270000457763672,22339.67050262336,427473787888.3761,1112699496087.7432,20296.70703125,38.41772099217947
2022-09-14,20241.08984375,88.4800033569336,157.92999267578125,3946.010009765625,11719.6796875,26.15999984741211,20184.96749189655,386529657258.8565,1029952227275.753,20241.08984375,37.52889182843327
2022-09-15,19701.2109375,85.0999984741211,154.97999572753906,3901.35009765625,11552.3603515625,26.270000457763672,20255.922978327133,387486232249.8002,1043057608197.4568,19701.2109375,37.14907299506
2022-09-16,19772.583984375,85.11000061035156,155.83999633789062,3873.330078125,11448.400390625,26.299999237060547,19702.16988981172,377719382182.4472,1002445218890.4128,19772.583984375,37.6798028525227
2022-09-17,20127.576171875,,,,,,19764.411712043777,377988702161.6817,1004442875415.4758,20127.576171875,37.631677361973544
2022-09-18,19419.505859375,,,,,,20131.675305714027,385486747327.04944,1012809316581.636,19419.505859375,38.061137572086885
2022-09-19,19544.12890625,85.7300033569336,155.9600067138672,3899.889892578125,11535.01953125,25.760000228881836,19437.157867982634,372598380208.2709,970741768475.2396,19544.12890625,38.382852403015214
2022-09-20,18890.7890625,84.44999694824219,155.07000732421875,3855.929931640625,11425.0498046875,27.15999984741211,19570.386709523507,374524246937.4287,985127719315.7782,18890.7890625,38.01783663112789
2022-09-21,18547.400390625,82.94000244140625,155.7899932861328,3789.929931640625,11220.1904296875,27.989999771118164,18869.92880939053,361980678159.1343,960593452692.3514,18547.400390625,37.68302575294208
2022-09-22,19413.55078125,83.48999786376953,155.6999969482422,3757.989990234375,11066.8095703125,27.350000381469727,18539.63523831258,355194467885.9514,939522504820.3206,19413.55078125,37.80584989327965
2022-09-23,19297.638671875,78.73999786376953,153.00999450683594,3693.22998046875,10867.9296875,29.920000076293945,19464.322663348463,372075639498.16974,983647987025.2688,19297.638671875,37.8260967750663
2022-09-24,18937.01171875,,,,,,19291.904802452067,370913140447.5164,979229743675.4846,18937.01171875,37.878050870402944
2022-09-25,18802.09765625,,,,,,18939.97058049937,363168779956.3335,972647580915.918,18802.09765625,37.33816719251453
2022-09-26,19222.671875,76.70999908447266,151.22999572753906,3655.0400390625,10802.919921875,32.2599983215332,18809.41143933244,360256894978.40894,962031003298.2944,19222.671875,37.447534824062735
2022-09-27,19110.546875,78.5,151.5399932861328,3647.2900390625,10829.5,32.599998474121094,19219.727780656474,367613056759.2221,976719967602.9164,19110.546875,37.637508083450435
2022-09-28,19426.720703125,82.1500015258789,154.69000244140625,3719.0400390625,11051.6396484375,30.18000030517578,19116.33116071044,366383164263.7157,972466085025.921,19426.720703125,37.67567526572917
2022-09-29,19573.05078125,81.2300033569336,154.66000366210938,3640.469970703125,10737.509765625,31.84000015258789,19444.78777136297,372892084645.0075,981530729759.916,19573.05078125,37.9908721488748
2022-09-30,19431.7890625,79.48999786376953,154.6699981689453,3585.6201171875,10575.6201171875,31.6200008392334,19563.765161776904,374830625219.6003,985771396000.0128,19431.7890625,38.02409227337688
2022-10-01,19312.095703125,,,,,,19476.92659600407,373222100680.7475,980866868240.4512,19312.095703125,38.05023013472357
2022-10-02,19044.107421875,,,,,,19314.463835217448,370204708063.3375,973672739003.635,19044.107421875,38.02147202376952
2022-10-03,19623.580078125,83.62999725341797,158.42999267578125,3678.429931640625,10815.4296875,30.100000381469727,19065.153837148988,366195863790.6755,961431190261.1676,19623.580078125,38.08861908164227
2022-10-04,20336.84375,86.5199966430664,160.6999969482422,3790.929931640625,11176.41015625,29.06999969482422,19620.567543591394,375767908259.0832,982344452268.458,20336.84375,38.252153548722056
2022-10-05,20160.716796875,87.76000213623047,159.80999755859375,3783.280029296875,11148.6396484375,28.549999237060547,20345.398520106643,390177741507.47705,1009060806554.5508,20160.716796875,38.667416172841286
2022-10-06,19955.443359375,88.44999694824219,159.6300048828125,3744.52001953125,11073.3095703125,30.520000457763672,20161.830614985047,386368899196.38165,1003498877210.464,19955.443359375,38.5021755351051
2022-10-07,19546.849609375,92.63999938964844,157.8800048828125,3639.659912109375,10652.400390625,31.360000610351562,19949.051041418512,382505641462.1564,996301417351.5142,19546.849609375,38.39256221063882
2022-10-08,19416.568359375,,,,,,19457.308951251147,373170861484.1397,986024734208.5638,19416.568359375,37.845993973332384
2022-10-09,19446.42578125,,,,,,19418.037989243952,372391945609.07526,979170330391.3186,19446.42578125,38.0313755483432
2022-10-10,19141.484375,91.12999725341797,155.47999572753906,3612.389892578125,10542.099609375,32.45000076293945,19448.14900175761,372264710552.3351,983930732076.5956,19141.484375,37.83444285419023
2022-10-11,19051.41796875,89.3499984741211,155.16000366210938,3588.840087890625,10426.1904296875,33.630001068115234,19142.69476739289,367207056773.2261,963892045258.172,19051.41796875,38.09628459739722
2022-10-12,19157.4453125,87.2699966430664,155.99000549316406,3577.030029296875,10417.099609375,33.56999969482422,19058.628039738272,365118514776.268,957327540343.115,19157.4453125,38.13935141209937
2022-10-13,19382.904296875,89.11000061035156,154.91000366210938,3669.909912109375,10649.150390625,31.940000534057617,19153.039779986982,367301644901.367,960712983977.5668,19382.904296875,38.23219328010495
2022-10-14,19185.65625,85.61000061035156,152.97999572753906,3583.070068359375,10321.3896484375,32.02000045776367,19383.9432200889,371647189087.476,962815656949.9696,19185.65625,38.60003588483271
2022-10-15,19067.634765625,,,,,,19198.107144951755,367584653730.7548,959403884003.9496,19067.634765625,38.313859247336715
2022-10-16,19268.09375,,,,,,19072.780513358884,365870425566.53,953495701667.6588,19268.09375,38.371481373919636
2022-10-17,19550.7578125,85.45999908447266,153.4199981689453,3677.949951171875,10675.7998046875,31.3700008392334,19272.92184777201,369552982160.5376,963653915808.8688,19550.7578125,38.34913926026476
2022-10-18,19334.416015625,82.81999969482422,153.75,3719.97998046875,10772.400390625,30.5,19557.895548868444,375052275829.7958,978025401932.7628,19334.416015625,38.347907435596426
2022-10-19,19139.53515625,85.55000305175781,151.69000244140625,3695.159912109375,10680.509765625,30.760000228881836,19348.02936881037,371196833238.99286,966408688449.8092,19139.53515625,38.40992301449814
2022-10-20,19053.740234375,85.9800033569336,151.4499969482422,3665.780029296875,10614.83984375,29.979999542236328,19134.242664465204,367085331987.69183,952627682841.667,19053.740234375,38.533976977520176
2022-10-21,19172.46875,85.05000305175781,154.14999389648438,3752.75,10859.7197265625,29.690000534057617,19031.15987195947,365098952754.63934,948870473181.127,19172.46875,38.47721718335593
2022-10-22,19208.189453125,,,,,,19173.28046885863,367999082249.1525,956533169071.9918,19208.189453125,38.472171603435086
2022-10-23,19567.0078125,,,,,,19203.86547117714,368484939423.5548,960796473265.258,19567.0078125,38.35202872584056
2022-10-24,19345.572265625,84.58000183105469,153.64999389648438,3797.340087890625,10952.6103515625,29.850000381469727,19574.8242318408,375197423662.3941,980002311730.1434,19345.572265625,38.28536108246545
2022-10-25,20095.857421875,85.31999969482422,154.0,3859.110107421875,11199.1201171875,28.459999084472656,19316.94062294213,370622833880.7626,967803679896.8218,20095.857421875,38.29524949938968
2022-10-26,20770.44140625,87.91000366210938,154.97999572753906,3830.60009765625,10970.990234375,27.280000686645508,20095.152230674925,385476931983.846,1009278868075.4148,20770.44140625,38.1933025823585
2022-10-27,20285.8359375,89.08000183105469,154.74000549316406,3807.300048828125,10792.669921875,27.389999389648438,20774.247496426036,398674628646.93066,1044234790987.053,20285.8359375,38.178638759017716
2022-10-28,20595.3515625,87.9000015258789,153.16000366210938,3901.06005859375,11102.4501953125,25.75,20278.36623205219,389238872375.6226,1024384518109.4716,20595.3515625,37.997340402407985
2022-10-29,20818.4765625,,,,,,20591.24120809861,395201306734.5831,1044079362264.7604,20818.4765625,37.85165390850499
2022-10-30,20635.603515625,,,,,,20800.70708772471,399135164712.3964,1065551973940.2872,20635.603515625,37.45806628619353
2022-10-31,20495.7734375,86.52999877929688,151.91000366210938,3871.97998046875,10988.150390625,25.8799991607666,20623.871497040946,395548335410.141,1057701023506.536,20495.7734375,37.39698899967044
2022-11-01,20485.2734375,88.37000274658203,153.4600067138672,3856.10009765625,10890.849609375,25.809999465942383,20494.60120983709,393311097043.5727,1057922578260.5416,20485.2734375,37.177682481289224
2022-11-02,20159.50390625,90.0,152.38999938964844,3759.68994140625,10524.7998046875,25.860000610351562,20489.646203160763,393218202887.5868,1057816998602.8512,20159.50390625,37.172611463697734
2022-11-03,20209.98828125,88.16999816894531,151.80999755859375,3719.889892578125,10342.9404296875,25.299999237060547,20162.980904822525,387015867490.0914,1037886202791.3076,20209.98828125,37.288853676756155
2022-11-04,21147.23046875,92.61000061035156,156.47000122070312,3770.550048828125,10475.25,24.549999237060547,20210.91241711132,387756249891.6283,1046058137813.1636,21147.23046875,37.068326881166655
2022-11-05,21282.69140625,,,,,,21150.3155839124,405987599945.2726,1101186092978.0005,21282.69140625,36.868209881523036
2022-11-06,20926.486328125,,,,,,21282.98510942269,408892506459.0742,1103071809022.902,20926.486328125,37.06853018220727
2022-11-07,20602.81640625,91.79000091552734,155.85000610351562,3806.800048828125,10564.51953125,24.350000381469727,20906.99792695512,401869336200.07385,1075069544767.312,20602.81640625,37.380775797816355
2022-11-08,18541.271484375,88.91000366210938,159.4499969482422,3828.110107421875,10616.2001953125,25.540000915527344,20597.755017060837,395168506455.3059,1069456182601.5082,18541.271484375,36.95041581732108
2022-11-09,15880.7802734375,85.83000183105469,158.64999389648438,3748.570068359375,10353.169921875,26.09000015258789,18562.353215089643,356871594631.61395,961333620438.6276,15880.7802734375,37.12255423551964
2022-11-10,17586.771484375,86.47000122070312,163.47999572753906,3956.3701171875,11114.150390625,23.530000686645508,15742.444335961438,301963847693.5264,831479701405.6488,17586.771484375,36.3164425040136
2022-11-11,17034.29296875,88.95999908447266,164.55999755859375,3992.929931640625,11323.330078125,22.520000457763672,17594.923500278233,336597208099.6668,924732340364.0378,17034.29296875,36.39941996266283
2022-11-12,16799.185546875,,,,,,17080.215260565037,325921112619.09045,904670978731.362,16799.185546875,36.02648037589711
2022-11-13,16353.365234375,,,,,,16797.98748257006,322330608513.1628,881116598638.735,16353.365234375,36.582060650218324
2022-11-14,16618.19921875,85.87000274658203,164.9199981689453,3957.25,11196.2197265625,23.729999542236328,16344.342316001042,313605586517.2854,859074245253.1931,16618.19921875,36.505062077010244
2022-11-15,16884.61328125,86.91999816894531,165.5,3991.72998046875,11358.41015625,24.540000915527344,16645.828500283515,320598982524.9025,871999266549.255,16884.61328125,36.76596928729107
2022-11-16,16669.439453125,85.58999633789062,165.1199951171875,3958.7900390625,11183.66015625,24.110000610351562,16890.52938386464,324608360619.00433,883191255745.1343,16669.439453125,36.75402790816101
2022-11-17,16687.517578125,81.63999938964844,163.9199981689453,3946.56005859375,11144.9599609375,23.93000030517578,16689.39673273771,320099234744.2721,869460724152.9669,16687.517578125,36.81583605241219
2022-11-18,16697.77734375,80.08000183105469,162.7899932861328,3965.340087890625,11146.0595703125,23.1200008392334,16718.361228055077,321287480849.7667,866154739591.8593,16697.77734375,37.093543008396004
2022-11-19,16711.546875,,,,,,16707.022778986535,320876918352.4405,870079075561.893,16711.546875,36.87905241776096
2022-11-20,16291.83203125,,,,,,16712.729525794817,321151208473.7581,871234257280.7877,16291.83203125,36.86163690074633
2022-11-21,15787.2841796875,79.7300033569336,161.8800048828125,3949.93994140625,11024.509765625,22.360000610351562,16304.07685562355,313370674122.3842,842036192723.5547,15787.2841796875,37.2158200360475
2022-11-22,16189.76953125,80.94999694824219,162.07000732421875,4003.580078125,11174.41015625,21.290000915527344,15814.335280855255,303834128504.1595,821262036833.909,16189.76953125,36.99600308757563
2022-11-23,16610.70703125,77.94000244140625,163.0800018310547,4027.260009765625,11285.3203125,20.350000381469727,16171.628978315088,311463297390.4882,842068895079.7578,16610.70703125,36.98786396343348
2022-11-24,16604.46484375,,,,,,16608.00998544357,319494112507.07404,869866510097.1046,16604.46484375,36.72909679801426
2022-11-25,16521.841796875,76.27999877929688,163.22000122070312,4026.1201171875,11226.3603515625,20.5,16596.03575847268,318949911014.53784,871922722744.1049,16521.841796875,36.58006640895221
2022-11-26,16464.28125,,,,,,16524.449007720887,317919884011.3825,868705741527.8651,16464.28125,36.59695899467987
2022-11-27,16444.626953125,,,,,,16456.156062496684,316206865319.883,871240266324.2229,16444.626953125,36.29387639003016
2022-11-28,16217.322265625,77.23999786376953,161.92999267578125,3963.93994140625,11049.5,22.209999084472656,16459.149543755877,316487666895.4407,871313540047.1747,16217.322265625,36.323051616792895
2022-11-29,16444.982421875,78.19999694824219,162.72999572753906,3957.6298828125,10983.7802734375,21.889999389648438,16222.210728731225,311810991501.448,854788093490.1063,16444.982421875,36.47816270209396
2022-11-30,17168.56640625,80.55000305175781,164.80999755859375,4080.110107421875,11468.0,20.579999923706055,16441.979978419113,316170903326.0224,869369135728.6923,17168.56640625,36.36785461230029
2022-12-01,16967.1328125,81.22000122070312,167.83999633789062,4076.570068359375,11482.4501953125,19.84000015258789,17186.502572066118,330763402606.7043,903469788161.3508,16967.1328125,36.61034457829963
2022-12-02,17088.66015625,79.9800033569336,167.25999450683594,4071.699951171875,11461.5,19.059999465942383,16972.73406077455,326141917292.63745,890523204986.0255,17088.66015625,36.62362928518583
2022-12-03,16908.236328125,,,,,,17084.87334047068,328178365692.1309,901827259770.174,16908.236328125,36.39037988004105
2022-12-04,17130.486328125,,,,,,16923.38287008033,326498242602.6305,884566879171.1064,17130.486328125,36.910520876451926
2022-12-05,16974.826171875,76.93000030517578,164.38999938964844,3998.840087890625,11239.9404296875,20.75,17149.93175096291,329544949093.6664,897522214640.1324,16974.826171875,36.71719136509614
2022-12-06,17089.50390625,74.25,164.83999633789062,3941.260009765625,11014.8896484375,22.170000076293945,16973.372577553495,326635737516.3175,889345840197.6002,17089.50390625,36.72763988458569
2022-12-07,16848.126953125,72.01000213623047,166.3300018310547,3933.919921875,10958.5498046875,22.68000030517578,17085.64314125141,328108161816.87274,893146735292.8273,16848.126953125,36.73619897511008
2022-12-08,17233.474609375,71.45999908447266,166.47000122070312,3963.510009765625,11082.0,22.290000915527344,16851.30346863184,324178677956.7833,877105285159.4016,17233.474609375,36.96006436648804
2022-12-09,17133.15234375,71.0199966430664,167.05999755859375,3934.3798828125,11004.6201171875,22.829999923706055,17235.014157992136,331389860355.59094,895337326237.003,17133.15234375,37.01284986613742
2022-12-10,17128.724609375,,,,,,17149.824203925327,329756788298.6587,889756523669.6497,17128.724609375,37.06146339210111
2022-12-11,17104.193359375,,,,,,17125.364927688952,329283186564.5152,889673631659.6672,17104.193359375,37.01168325627954
2022-12-12,17206.4375,73.16999816894531,165.67999267578125,3990.56005859375,11143.740234375,25.0,17101.038019732932,328868814164.99066,886594190098.2219,17206.4375,37.093499803845624
2022-12-13,17781.318359375,75.38999938964844,168.50999450683594,4019.64990234375,11256.8095703125,22.549999237060547,17179.596038203494,330715694645.24335,886757234147.1702,17781.318359375,37.294953106675905
2022-12-14,17815.650390625,77.27999877929688,168.10000610351562,3995.320068359375,11170.8896484375,21.139999389648438,17784.162894053265,342102502914.68976,906486762345.5148,17815.650390625,37.739382098587626
2022-12-15,17364.865234375,76.11000061035156,165.35000610351562,3895.75,10810.5302734375,22.829999923706055,17808.71617265881,342692750075.4062,902895332647.9292,17364.865234375,37.954870036861095
2022-12-16,16647.484375,74.29000091552734,166.7899932861328,3852.360107421875,10705.41015625,22.6200008392334,17338.358126632633,333854506370.7365,881290572815.7119,16647.484375,37.88245519341886
2022-12-17,16795.091796875,,,,,,16623.75782614431,318992400741.96515,833820764350.8466,16795.091796875,38.256711079905756
2022-12-18,16757.9765625,,,,,,16806.48559206152,323096167353.6004,844732839963.7443,16757.9765625,38.24832563245293
2022-12-19,16439.6796875,75.19000244140625,166.32000732421875,3817.659912109375,10546.0302734375,22.420000076293945,16742.816663834055,322740705484.67255,844055827049.9631,16439.6796875,38.23689087162337
2022-12-20,16906.3046875,76.08999633789062,169.0800018310547,3821.6201171875,10547.1103515625,21.479999542236328,16422.562273279298,316270478163.65466,825919108862.8158,16906.3046875,38.29315422900414
2022-12-21,16817.53515625,78.29000091552734,168.8000030517578,3878.43994140625,10709.3701171875,20.06999969482422,16899.331969046758,325120443529.51874,849281912093.2316,16817.53515625,38.2818047694189
2022-12-22,16830.341796875,77.48999786376953,166.75999450683594,3822.389892578125,10476.1201171875,21.969999313354492,16816.85370118997,323127932459.19025,843532326679.2875,16830.341796875,38.306526287052904
2022-12-23,16796.953125,79.55999755859375,167.25999450683594,3844.820068359375,10497.8603515625,20.8700008392334,16824.790162441503,323519254392.6745,844846458686.8127,16796.953125,38.29326039852693
2022-12-24,16847.755859375,,,,,,16791.45543916491,323013370317.2425,844299529708.2854,16847.755859375,38.25814879096843
2022-12-25,16841.986328125,,,,,,16848.568708323422,324072643385.91296,845342076365.195,16841.986328125,38.336272669563755
2022-12-26,16919.8046875,,,,,,16842.177039905502,323868581953.1157,844107472118.435,16919.8046875,38.36816906031065
2022-12-27,16717.173828125,79.52999877929688,168.6699981689453,3829.25,10353.23046875,21.649999618530273,16900.081871938084,325036912914.6697,848191715235.614,16717.173828125,38.32116101539375
2022-12-28,16552.572265625,78.95999908447266,167.91000366210938,3783.219970703125,10213.2900390625,22.139999389648438,16701.840210667935,321351469136.8621,840489281772.0668,16552.572265625,38.2338568862333
2022-12-29,16642.341796875,78.4000015258789,168.85000610351562,3849.280029296875,10478.08984375,21.440000534057617,16538.906094001977,318288869204.81464,827395908388.5054,16642.341796875,38.46875068849887
2022-12-30,16602.5859375,80.26000213623047,169.63999938964844,3839.5,10466.48046875,21.670000076293945,16644.379087037905,320297298175.8769,831261620180.643,16602.5859375,38.53146715786933
2022-12-31,16547.49609375,,,,,,16604.020520373393,319722045805.09534,829262009288.9207,16547.49609375,38.555009420876765
2023-01-01,16625.080078125,,,,,,16540.693624776803,318278329991.7019,828578631897.6833,16625.080078125,38.4125679493753
2023-01-02,16688.470703125,,,,,,16615.969318012816,319832024054.6308,832069367936.0369,16688.470703125,38.4381442677045
2023-01-03,16679.857421875,76.93000030517578,171.05999755859375,3824.139892578125,10386.98046875,22.899999618530273,16674.342536301097,321486454934.26776,839087693596.8314,16679.857421875,38.31380884114563
2023-01-04,16863.23828125,72.83999633789062,172.6699981689453,3852.969970703125,10458.759765625,22.010000228881836,16677.646185850346,321080820418.184,839763043598.0459,16863.23828125,38.234692853650984
2023-01-05,16836.736328125,73.66999816894531,170.52000427246094,3808.10009765625,10305.240234375,22.459999084472656,16855.1747387671,324397588037.39484,855264809503.2738,16836.736328125,37.92949089368012
2023-01-06,16951.96875,73.7699966430664,173.7100067138672,3895.080078125,10569.2900390625,21.1299991607666,16832.098988497855,324138957221.0557,851365654059.8236,16951.96875,38.07282519272021
2023-01-07,16955.078125,,,,,,16960.23206247515,326571439011.6566,858846723485.5535,16955.078125,38.02441461106067
2023-01-08,17091.14453125,,,,,,16950.861521853905,326371741274.41095,858630201944.9802,17091.14453125,38.0107455497267
2023-01-09,17196.5546875,74.62999725341797,174.10000610351562,3892.090087890625,10635.650390625,21.969999313354492,17074.61539572674,328470896861.37854,870969898905.1096,17196.5546875,37.713231797596805
2023-01-10,17446.29296875,75.12000274658203,174.74000549316406,3919.25,10742.6298828125,20.579999923706055,17194.90932945318,331158152699.25574,884075790359.1389,17446.29296875,37.45811799288487
2023-01-11,17934.896484375,77.41000366210938,174.6199951171875,3969.610107421875,10931.669921875,21.09000015258789,17436.90232978116,335743942932.3494,893998843090.7368,17934.896484375,37.55529948692259
2023-01-12,18869.587890625,78.38999938964844,176.63999938964844,3983.169921875,11001.099609375,18.829999923706055,17996.832553741606,345688973386.69006,920221455955.9388,18869.587890625,37.56584582431666
2023-01-13,19909.57421875,79.86000061035156,178.75999450683594,3999.090087890625,11079.16015625,18.350000381469727,18866.810330617045,363381125082.7658,943425456000.234,19909.57421875,38.517205866308075
2023-01-14,20976.298828125,,,,,,19941.780543296303,382675302196.4898,980156530125.4417,20976.298828125,39.04226421340217
2023-01-15,20880.798828125,,,,,,21019.20661402266,405209898132.0056,1023564319030.1184,20880.798828125,39.58812266101299
2023-01-16,21169.6328125,,,,,,20853.230569490253,401697403586.5178,1023325784973.2424,21169.6328125,39.25410748806855
2023-01-17,21161.51953125,80.18000030517578,177.58999633789062,3990.969970703125,11095.1103515625,19.360000610351562,21175.33773662521,407760358639.0028,1031596626629.7444,21161.51953125,39.5271124500637
2023-01-18,20688.78125,79.4800033569336,177.0800018310547,3928.860107421875,10957.009765625,20.34000015258789,21156.78393116713,407405144842.9396,1029926942491.8127,20688.78125,39.55670329948459
2023-01-19,21086.79296875,80.33000183105469,179.88999938964844,3898.85009765625,10852.26953125,20.520000457763672,20726.844969426445,399349603616.14526,994668060682.4417,21086.79296875,40.14903256692002
2023-01-20,22676.552734375,81.30999755859375,179.2899932861328,3972.610107421875,11140.4296875,19.850000381469727,21081.67102220433,406258441952.3726,1012972057556.8073,22676.552734375,40.105592145575024
2023-01-21,22777.625,,,,,,22705.83367889906,436724993652.4275,1077563602371.1854,22777.625,40.52892958628256
2023-01-22,22720.416015625,,,,,,22771.023287021784,438578588179.0604,1070206118541.6836,22720.416015625,40.98075880716227
2023-01-23,22934.431640625,81.62000274658203,179.6300048828125,4019.81005859375,11364.41015625,19.809999465942383,22736.66142892971,438060367560.3554,1076150913819.6924,22934.431640625,40.706220840857995
2023-01-24,22636.46875,80.12999725341797,180.27999877929688,4016.949951171875,11334.26953125,19.200000762939453,22984.87497643721,442926343072.5924,1086692209867.7136,22636.46875,40.759134836027876
2023-01-25,23117.859375,80.1500015258789,181.11000061035156,4016.219970703125,11313.3603515625,19.079999923706055,22610.01059827285,435679436196.35767,1058187859613.2466,23117.859375,41.1722202478861
2023-01-26,23032.77734375,81.01000213623047,179.47000122070312,4060.429931640625,11512.41015625,18.729999542236328,23180.422697874263,446715261348.7517,1084394573728.838,23032.77734375,41.19490010104538
2023-01-27,23078.728515625,79.68000030517578,179.22000122070312,4070.56005859375,11621.7099609375,18.510000228881836,23024.74618081709,444005849172.13904,1085444675000.6198,23078.728515625,40.90543345029405
2023-01-28,23031.08984375,,,,,,23082.858382122955,444898315874.05536,1091777366771.4906,23031.08984375,40.74991197057602
2023-01-29,23774.56640625,,,,,,23022.23299135344,443702765526.11646,1084832382430.0546,23774.56640625,40.9005826810046
2023-01-30,22840.138671875,77.9000015258789,178.75999450683594,4017.77001953125,11393.8095703125,19.940000534057617,23797.46089488124,458368002025.743,1118925425329.4685,22840.138671875,40.9650180118819
2023-01-31,23139.283203125,78.87000274658203,179.41000366210938,4076.60009765625,11584.5498046875,19.399999618530273,22840.385858797104,439295730927.16473,1075286900284.5294,23139.283203125,40.85381592679345
2023-02-01,23723.76953125,76.41000366210938,181.6699981689453,4119.2099609375,11816.3203125,17.8700008392334,23137.323554088376,445991168199.3282,1089808045778.8594,23723.76953125,40.92382781782356
2023-02-02,23471.87109375,75.87999725341797,177.89999389648438,4179.759765625,12200.8203125,18.729999542236328,23725.16179614224,457383099382.75,1117435290921.952,23471.87109375,40.93150655778745
2023-02-03,23449.322265625,73.38999938964844,173.4600067138672,4136.47998046875,12006.9501953125,18.329999923706055,23539.676770196525,453565018922.5452,1116226896797.8271,23449.322265625,40.63376543099872
2023-02-04,23331.84765625,,,,,,23451.577650774638,452312595756.25696,1123522036967.1438,23331.84765625,40.258453405795045
2023-02-05,22955.666015625,,,,,,23340.34958553934,450197147854.798,1124379149142.536,22955.666015625,40.03962081635215
2023-02-06,22760.109375,74.11000061035156,173.82000732421875,4111.080078125,11887.4501953125,19.43000030517578,22946.286578591236,442933975658.56586,1105059214010.0854,22760.109375,40.08237477621026
2023-02-07,23264.291015625,77.13999938964844,173.97999572753906,4164.0,12113.7900390625,18.65999984741211,22786.483006387727,438726385719.1618,1096678425701.485,23264.291015625,40.00501655155043
2023-02-08,22939.3984375,78.47000122070312,174.41000366210938,4117.85986328125,11910.51953125,19.6299991607666,23294.9136483527,449391195299.20337,1136961405021.4658,22939.3984375,39.52563326375348
2023-02-09,21819.0390625,78.05999755859375,173.02999877929688,4081.5,11789.580078125,20.709999084472656,22947.50782856846,442518382691.6549,1123489580121.006,21819.0390625,39.3878492975425
2023-02-10,21651.18359375,79.72000122070312,173.36000061035156,4090.4599609375,11718.1201171875,20.530000686645508,21820.88650809277,420790678627.7739,1060566159246.0984,21651.18359375,39.67604236277841
2023-02-11,21870.875,,,,,,21630.132979576298,417351358181.0193,1055756021755.0192,21870.875,39.53104217082674
2023-02-12,21788.203125,,,,,,21889.432080049624,422107650473.77954,1069484553336.4536,21788.203125,39.46832604145026
2023-02-13,21808.1015625,80.13999938964844,172.47999572753906,4137.2900390625,11891.7900390625,20.34000015258789,21779.87440384417,420218240428.1313,1061525981348.8112,21808.1015625,39.58624167579842
2023-02-14,22220.8046875,79.05999755859375,172.61000061035156,4136.1298828125,11960.150390625,18.90999984741211,21807.834274723064,420838871938.8273,1054063281843.7328,22220.8046875,39.92538960305209
2023-02-15,24307.841796875,78.58999633789062,170.88999938964844,4147.60009765625,12070.58984375,18.229999542236328,22220.070997481067,428649056117.7321,1078839539516.8588,24307.841796875,39.73241992128837
2023-02-16,23623.474609375,78.48999786376953,170.75,4090.409912109375,11855.830078125,20.170000076293945,24307.8751016316,468820317786.9533,1155593907100.7395,23623.474609375,40.569642579993605
2023-02-17,24565.6015625,76.33999633789062,171.25999450683594,4079.090087890625,11787.26953125,20.020000457763672,23756.907281577434,459293697174.9459,1119696469586.8804,24565.6015625,41.01948248031946
2023-02-18,24641.27734375,,,,,,24628.82455217312,475194230168.0997,1170819879731.873,24641.27734375,40.586450434794706
2023-02-19,24327.642578125,,,,,,24642.79087073843,475529620771.9494,1171045340066.0557,24327.642578125,40.60727663585818
2023-02-20,24829.1484375,,,,,,24284.478003714703,470798520570.0436,1160056769627.4275,24829.1484375,40.5840932009947
2023-02-21,24436.353515625,76.16000366210938,170.6199951171875,3997.340087890625,11492.2998046875,22.8700008392334,24786.665940845705,478236525469.6496,1181650265329.111,24436.353515625,40.471917918662
2023-02-22,24188.84375,73.94999694824219,169.66000366210938,3991.050048828125,11507.0703125,22.290000915527344,24417.38703630947,470623925511.17865,1159353880372.215,24188.84375,40.59363870504173
2023-02-23,23947.4921875,75.38999938964844,169.57000732421875,4012.320068359375,11590.400390625,21.139999389648438,24146.101364545226,465998918250.2451,1151343644060.1567,23947.4921875,40.47435538940597
2023-02-24,23198.126953125,76.31999969482422,168.35000610351562,3970.0400390625,11394.9404296875,21.670000076293945,23951.11098423326,461042830140.0772,1147747484380.8623,23198.126953125,40.16936098002261
2023-02-25,23175.375,,,,,,23172.286538018925,447316067422.04736,1113247273605.3423,23175.375,40.18119586077024
2023-02-26,23561.212890625,,,,,,23157.038107459524,447030240435.99854,1108933843701.5908,23561.212890625,40.31171408240403
2023-02-27,23522.87109375,75.68000030517578,169.00999450683594,3982.239990234375,11466.98046875,20.950000762939453,23541.11585449356,454284528651.5023,1130798839089.3003,23522.87109375,40.17377034250979
2023-02-28,23147.353515625,77.05000305175781,169.77999877929688,3970.14990234375,11455.5400390625,20.700000762939453,23518.12390627588,454364917718.867,1124724535889.379,23147.353515625,40.39788439038335
2023-03-01,23646.55078125,77.69000244140625,170.75999450683594,3951.389892578125,11379.48046875,20.579999923706055,23155.543746825795,446010055987.85736,1106942278129.539,23646.55078125,40.292078891548435
2023-03-02,23475.466796875,78.16000366210938,170.66000366210938,3981.35009765625,11462.98046875,19.59000015258789,23634.333489123783,456417315966.7193,1132964754992.3477,23475.466796875,40.28521751939248
2023-03-03,22362.6796875,79.68000030517578,172.49000549316406,4045.639892578125,11689.009765625,18.489999771118164,23464.33654185282,453067155320.8529,1121593889758.235,22362.6796875,40.394937905600905
2023-03-04,22353.349609375,,,,,,22367.43302246967,431727585101.1504,1077247698255.6956,22353.349609375,40.0769094981789
2023-03-05,22435.513671875,,,,,,22348.32991538815,431837491811.4938,1072693072348.2792,22435.513671875,40.257320844455485
2023-03-06,22429.7578125,80.45999908447266,171.6199951171875,4048.419921875,11675.740234375,18.610000610351562,22421.885805853268,433081135066.3954,1073804713025.527,22429.7578125,40.3314615602828
2023-03-07,22219.76953125,77.58000183105469,168.6199951171875,3986.3701171875,11530.330078125,19.59000015258789,22415.113659694827,432758824798.3097,1073160124306.8698,22219.76953125,40.32565271448368
2023-03-08,21718.080078125,76.66000366210938,168.5399932861328,3992.010009765625,11576.0,19.110000610351562,22217.209884905325,427994888566.54205,1065469889199.6808,21718.080078125,40.16959023478617
2023-03-09,20363.021484375,75.72000122070312,170.1999969482422,3918.320068359375,11338.349609375,22.610000610351562,21712.65119391273,419694984165.3824,1041753878241.7118,20363.021484375,40.287345497935654
2023-03-10,20187.244140625,76.68000030517578,173.8699951171875,3861.590087890625,11138.8896484375,24.799999237060547,20376.320007428807,392841773384.4403,980411581585.0658,20187.244140625,40.06906698810302
2023-03-11,20632.41015625,,,,,,20195.2289502733,390202255053.33545,975616256614.47,20632.41015625,39.995464651992776
2023-03-12,22163.94921875,,,,,,20521.55615175117,394742728281.98926,981991187379.8296,22163.94921875,40.19819458209707
2023-03-13,24197.533203125,74.80000305175781,177.86000061035156,3855.760009765625,11188.83984375,26.520000457763672,22095.71339833569,425816781283.9279,1050681469980.8055,24197.533203125,40.52767593699991
2023-03-14,24746.07421875,71.33000183105469,176.8300018310547,3919.2900390625,11428.150390625,23.729999542236328,24178.95532797469,466509005562.78174,1114155592987.907,24746.07421875,41.87108232448152
2023-03-15,24375.9609375,67.61000061035156,178.2100067138672,3891.929931640625,11434.0498046875,26.139999389648438,24758.765085827567,478406045309.6089,1135015318354.6567,24375.9609375,42.14974349448577
2023-03-16,25052.7890625,68.3499984741211,178.57000732421875,3960.280029296875,11717.2802734375,22.989999771118164,24470.88205445031,472833547484.0809,1106843704961.4836,25052.7890625,42.719089006386376
2023-03-17,27423.9296875,66.73999786376953,183.77000427246094,3916.639892578125,11630.509765625,25.510000228881836,25161.27201752005,486375597562.7987,1132836377050.526,27423.9296875,42.93432020863731
2023-03-18,26965.87890625,,,,,,27466.677829829863,530038219067.3334,1209015542771.878,26965.87890625,43.84048015231705
2023-03-19,28038.67578125,,,,,,27107.792183504385,523262280970.14777,1191611221231.8445,28038.67578125,43.912164609294145
2023-03-20,27767.236328125,67.63999938964844,183.83999633789062,3951.570068359375,11675.5400390625,24.149999618530273,28186.842652360127,546680822196.2155,1222020552977.7026,27767.236328125,44.73581241036545
2023-03-21,28175.81640625,69.33000183105469,180.3699951171875,4002.8701171875,11860.1103515625,21.3799991607666,27929.167733140293,538935400013.3555,1200995507805.6074,28175.81640625,44.874056273371785
2023-03-22,27307.4375,70.9000015258789,183.44000244140625,3936.969970703125,11669.9599609375,22.260000228881836,28264.23961052235,545917428270.1058,1229356228684.2383,27307.4375,44.406772872855015
2023-03-23,28333.97265625,69.95999908447266,185.74000549316406,3948.719970703125,11787.400390625,22.610000610351562,27449.25483080736,530515158753.954,1191415919895.9185,28333.97265625,44.52812404926564
2023-03-24,27493.28515625,69.26000213623047,183.64999389648438,3970.989990234375,11823.9599609375,21.739999771118164,28459.735113552502,549578396178.6341,1231825086641.372,27493.28515625,44.61497026960905
2023-03-25,27494.70703125,,,,,,27595.4947483755,533634255119.3758,1199535841513.032,27494.70703125,44.486728670506196
2023-03-26,27994.330078125,,,,,,27670.199498496837,534960802333.31067,1196781572993.0146,27994.330078125,44.69995314144373
2023-03-27,27139.888671875,72.80999755859375,181.9499969482422,3977.530029296875,11768.83984375,20.600000381469727,28048.46997853496,542675619058.77966,1209163965457.0786,27139.888671875,44.88023415861899
2023-03-28,27268.130859375,73.19999694824219,183.44000244140625,3971.27001953125,11716.080078125,19.969999313354492,27182.299559950465,525230880103.1384,1176076418555.422,27268.130859375,44.65958774586102
2023-03-29,28348.44140625,72.97000122070312,182.52999877929688,4027.81005859375,11926.240234375,19.1200008392334,27291.3500210497,528042785008.98267,1192786452333.301,28348.44140625,44.26968330970206
2023-03-30,28033.5625,74.37000274658203,184.17999267578125,4050.830078125,12013.4697265625,19.020000457763672,28394.997780199057,548808373530.0567,1225401718033.411,28033.5625,44.78599674324052
2023-03-31,28478.484375,75.66999816894531,183.22000122070312,4109.31005859375,12221.91015625,18.700000762939453,28041.123080088284,542369769760.288,1216261359036.508,28478.484375,44.59319255114212
2023-04-01,28411.03515625,,,,,,28516.78472968864,551707238559.8757,1234766103895.3452,28411.03515625,44.68111303180353
2023-04-02,28199.30859375,,,,,,28498.94463304862,550949831049.3949,1233890695017.7925,28199.30859375,44.65142927765172
2023-04-03,27790.220703125,80.41999816894531,184.5399932861328,4124.509765625,12189.4501953125,18.549999237060547,28236.508738939792,545181408318.2205,1222047334898.2578,27790.220703125,44.61213512352285
2023-04-04,28168.08984375,80.70999908447266,187.97999572753906,4100.60009765625,12126.330078125,19.0,27815.42653124798,539350908801.9282,1214349951433.2964,28168.08984375,44.41478407153826
2023-04-05,28177.984375,80.61000061035156,187.8300018310547,4090.3798828125,11996.8603515625,19.079999923706055,28175.33033421539,544313567953.4008,1235648525510.9006,28177.984375,44.050841053554834
2023-04-06,28044.140625,80.69999694824219,186.49000549316406,4105.02001953125,12087.9599609375,18.399999618530273,28197.20034124555,545409754928.52686,1242070013769.8591,28044.140625,43.9113535374009
2023-04-07,27925.859375,,,,,,28042.9833864884,542601176317.4441,1229803676804.4478,27925.859375,44.12095902391123
2023-04-08,27947.794921875,,,,,,27934.43871284895,540432353743.3232,1225471710983.9028,27947.794921875,44.09994526184718
2023-04-09,28333.05078125,,,,,,27968.12804705512,541094458101.4472,1222799611314.318,28333.05078125,44.25046042661523
2023-04-10,29652.98046875,79.73999786376953,185.11000061035156,4109.10986328125,12084.3603515625,18.969999313354492,28351.23699385011,548568597244.1978,1233874405004.374,29652.98046875,44.45903043448357
2023-04-11,30235.05859375,81.52999877929688,186.27999877929688,4108.93994140625,12031.8798828125,19.100000381469727,29657.97413687356,574059578670.3654,1271231265196.7402,30235.05859375,45.157761171136855
2023-04-12,30139.052734375,83.26000213623047,187.19000244140625,4091.949951171875,11929.33984375,19.09000015258789,30260.93610940865,585359301945.2595,1282354525017.7163,30139.052734375,45.64722863493405
2023-04-13,30399.06640625,82.16000366210938,189.72000122070312,4146.22021484375,12166.26953125,17.799999237060547,29904.138694718906,578850627447.6105,1277439558583.2212,30399.06640625,45.31334759114555
2023-04-14,30485.69921875,82.5199966430664,186.36000061035156,4137.64013671875,12123.4697265625,17.06999969482422,30405.027312781145,587939018759.4221,1307860558988.412,30485.69921875,44.95425867220691
2023-04-15,30318.49609375,,,,,,30468.40870059078,589051372432.549,1327867487220.099,30318.49609375,44.3607045207299
2023-04-16,30315.35546875,,,,,,30312.16187965924,586969785778.0928,1325459079977.3584,30315.35546875,44.28426306364127
2023-04-17,29445.044921875,80.83000183105469,185.52999877929688,4151.31982421875,12157.7197265625,16.950000762939453,30304.807514785844,586268225587.8677,1335482924695.3062,29445.044921875,43.899342683218975
2023-04-18,30397.552734375,80.86000061035156,186.25,4154.8701171875,12153.41015625,16.829999923706055,29467.459829260344,569958059900.5195,1302485279708.8372,30397.552734375,43.7592707403135
2023-04-19,28822.6796875,79.16000366210938,185.36000061035156,4154.52001953125,12157.23046875,16.459999084472656,30365.90416754141,587730212230.9563,1334516356922.313,28822.6796875,44.040690035931135
2023-04-20,28245.98828125,77.29000091552734,186.08999633789062,4129.7900390625,12059.5595703125,17.170000076293945,28833.217501221105,558796473890.5958,1258113454026.1018,28245.98828125,44.415427885488825
2023-04-21,27276.91015625,77.87000274658203,184.25,4133.52001953125,12072.4599609375,16.770000457763672,28255.57824866478,546141074655.3764,1241560463619.184,27276.91015625,43.988278513908185
2023-04-22,27817.5,,,,,,27300.15712851557,528357279464.0127,1198905682792.3655,27817.5,44.06996205351352
2023-04-23,27591.384765625,,,,,,27861.640663476548,539454716829.9368,1222371913579.6868,27591.384765625,44.13179907334067
2023-04-24,27525.33984375,78.76000213623047,184.80999755859375,4137.0400390625,12037.2001953125,16.889999389648438,27606.578347653143,533753154140.2553,1211483923105.822,27525.33984375,44.05779919653399
2023-04-25,28307.59765625,77.06999969482422,185.75,4071.6298828125,11799.16015625,18.760000228881836,27511.635682161308,532290845181.53394,1206593729469.8503,28307.59765625,44.11516753161069
2023-04-26,28422.701171875,74.30000305175781,184.74000549316406,4055.989990234375,11854.349609375,18.84000015258789,28351.218248373007,548359667398.65234,1231460710053.7964,28422.701171875,44.5292052699511
2023-04-27,29473.787109375,74.76000213623047,184.75,4135.35009765625,12142.240234375,17.030000686645508,28352.19132059668,548638734338.3676,1229872212893.2593,29473.787109375,44.6094097083226
2023-04-28,29340.26171875,76.77999877929688,184.8000030517578,4169.47998046875,12226.580078125,15.779999732971191,29483.52170499186,570258039118.5771,1260905450731.98,29340.26171875,45.22607454726533
2023-04-29,29248.48828125,,,,,,29339.99499754935,568153896404.9741,1254891791603.7805,29248.48828125,45.27513050976773
2023-04-30,29268.806640625,,,,,,29217.944046809916,565714356650.6621,1255278158837.5706,29268.806640625,45.06685252729422
2023-05-01,28091.568359375,75.66000366210938,183.97000122070312,4167.8701171875,12212.599609375,16.079999923706055,29362.056213625398,568513467268.4124,1250843750158.9424,28091.568359375,45.45039835680295
2023-05-02,28680.537109375,71.66000366210938,187.52000427246094,4119.580078125,12080.509765625,17.780000686645508,28125.501155636823,544421676291.20087,1214563056646.7085,28680.537109375,44.82448838797194
2023-05-03,29006.30859375,68.5999984741211,189.11000061035156,4090.75,12025.330078125,18.34000015258789,28654.39013332672,554886795897.9369,1231409547309.8845,29006.30859375,45.061108800896726
2023-05-04,28847.7109375,68.55999755859375,190.44000244140625,4061.219970703125,11966.400390625,20.09000015258789,28988.320996249277,561312171794.5802,1244915791397.9478,28847.7109375,45.08836466475121
2023-05-05,29534.384765625,71.33999633789062,187.4600067138672,4136.25,12235.41015625,17.190000534057617,28846.461458608057,558634329303.2208,1235899211896.2883,29534.384765625,45.20063803957658
2023-05-06,28904.623046875,,,,,,29520.322268970496,571520224182.8824,1269692905781.2732,28904.623046875,45.01247676352197
2023-05-07,28454.978515625,,,,,,28887.74104552337,559078681902.6073,1235741838146.7063,28454.978515625,45.242352783092706
2023-05-08,27694.2734375,73.16000366210938,187.69000244140625,4138.1201171875,12256.919921875,16.979999542236328,28611.43919761457,554373015261.6681,1227935566006.1108,27694.2734375,45.146751230993274
2023-05-09,27658.775390625,73.70999908447266,189.02000427246094,4119.169921875,12179.5498046875,17.709999084472656,27696.76078562556,536032086472.038,1189827192469.8086,27658.775390625,45.051255330562604
2023-05-10,27621.755859375,72.55999755859375,188.75,4137.64013671875,12306.4404296875,16.940000534057617,27607.39168091902,535037100026.6903,1189541337771.1697,27621.755859375,44.978436901502164
2023-05-11,27000.7890625,70.87000274658203,187.1300048828125,4130.6201171875,12328.509765625,16.93000030517578,27639.73356593586,534937464538.75824,1190474708276.8013,27000.7890625,44.9348029672192
2023-05-12,26804.990234375,70.04000091552734,186.80999755859375,4124.080078125,12284.740234375,17.030000686645508,27024.76572929978,523414877659.3074,1163774871065.3582,26804.990234375,44.9756126096928
2023-05-13,26784.078125,,,,,,26787.69039591833,518816444750.7709,1170442245904.3042,26784.078125,44.32653098145173
2023-05-14,26930.638671875,,,,,,26798.126271474703,520426027097.3362,1167257963300.8,26930.638671875,44.58534818007692
2023-05-15,27192.693359375,71.11000061035156,187.2100067138672,4136.27978515625,12365.2099609375,17.1200008392334,26911.805273213893,521319019334.69617,1173127404903.475,27192.693359375,44.438397496782564
2023-05-16,27036.650390625,70.86000061035156,184.8699951171875,4109.89990234375,12343.0498046875,17.989999771118164,27227.793422558792,527655229433.8867,1181631697878.0554,27036.650390625,44.65479644642546
2023-05-17,27398.802734375,72.83000183105469,184.22999572753906,4158.77001953125,12500.5703125,16.8700008392334,27022.713173921147,523965691858.8659,1175822848048.4297,27398.802734375,44.56161850643719
2023-05-18,26832.208984375,71.86000061035156,181.83999633789062,4198.0498046875,12688.83984375,16.049999237060547,27389.971511442203,530762551513.4872,1185823230980.5012,26832.208984375,44.758994228391416
2023-05-19,26890.12890625,71.55000305175781,183.63999938964844,4191.97998046875,12657.900390625,16.809999465942383,26842.95249471792,520544913836.41,1170237613586.3423,26890.12890625,44.48198449553623
2023-05-20,27129.5859375,,,,,,26884.371059589947,521153640362.9618,1172558200099.691,27129.5859375,44.44586548613564
2023-05-21,26753.826171875,,,,,,27093.79110149735,525040003344.1629,1179136398005.224,26753.826171875,44.52750370800077
2023-05-22,26851.27734375,71.98999786376953,183.2100067138672,4192.6298828125,12720.7802734375,17.209999084472656,26773.83024366478,519171380714.0945,1165203891108.9863,26851.27734375,44.556269050901605
2023-05-23,27225.7265625,72.91000366210938,183.42999267578125,4145.580078125,12560.25,18.530000686645508,26869.686021790774,520821915713.9187,1171053301196.4268,27225.7265625,44.474655012014566
2023-05-24,26334.818359375,74.33999633789062,181.9499969482422,4115.240234375,12484.16015625,20.030000686645508,27222.937746603853,527528695688.7587,1186106032040.9253,26334.818359375,44.47567767453668
2023-05-25,26476.20703125,71.83000183105469,180.1999969482422,4151.27978515625,12698.08984375,19.139999389648438,26338.948946998687,510987979871.2201,1155469953482.492,26476.20703125,44.22338965467203
2023-05-26,26719.291015625,72.66999816894531,180.9199981689453,4205.4501953125,12975.6904296875,17.950000762939453,26475.607902534277,513295724355.69904,1158078029494.975,26719.291015625,44.32306902321095
2023-05-27,26868.353515625,,,,,,26717.987553571777,517973731437.9403,1169215723369.633,26868.353515625,44.300954997864785
2023-05-28,28085.646484375,,,,,,26848.23993959246,520461980942.25433,1174080158018.128,28085.646484375,44.32933964413513
2023-05-29,27745.884765625,,,,,,28110.313467609285,544879177078.8053,1217861601763.463,27745.884765625,44.74064838646859
2023-05-30,27702.349609375,69.45999908447266,182.0399932861328,4205.52001953125,13017.4296875,17.459999084472656,27759.74666392068,538430950369.49817,1203802165937.2742,27702.349609375,44.727527961397094
2023-05-31,27219.658203125,68.08999633789062,182.32000732421875,4179.830078125,12935.2900390625,17.940000534057617,27713.908547529507,537414074116.4985,1206283476566.5024,27219.658203125,44.55122569084373
2023-06-01,26819.97265625,70.0999984741211,183.75999450683594,4221.02001953125,13100.98046875,15.649999618530273,27245.474465179723,528464394082.93866,1188521648753.215,26819.97265625,44.46401078493684
2023-06-02,27249.58984375,71.73999786376953,181.0500030517578,4282.3701171875,13240.76953125,14.600000381469727,26824.10149951678,520271910707.11273,1175438870800.1006,27249.58984375,44.261928342813164
2023-06-03,27075.12890625,,,,,,27247.74008145703,528508990069.2122,1196741905842.621,27075.12890625,44.162320003082975
2023-06-04,27119.06640625,,,,,,27066.371328526235,525209390395.5061,1190492270239.8655,27119.06640625,44.116992904933745
2023-06-05,25760.09765625,72.1500015258789,182.13999938964844,4273.7900390625,13229.4296875,14.729999542236328,27315.447587487684,529630092281.3869,1192046464119.6377,25760.09765625,44.430322829113436
2023-06-06,27238.783203125,71.73999786376953,182.33999633789062,4283.85009765625,13276.419921875,13.960000038146973,25792.6160902334,500593893699.2183,1134654993271.9482,27238.783203125,44.11859963315197
2023-06-07,26345.998046875,72.52999877929688,180.14999389648438,4267.52001953125,13104.900390625,13.9399995803833,27216.61556469773,527295592028.0809,1180732260314.2634,26345.998046875,44.65835395127901
2023-06-08,26508.216796875,71.29000091552734,182.52999877929688,4293.93017578125,13238.51953125,13.649999618530273,26346.244545137637,510979921090.6337,1142933739883.9106,26508.216796875,44.70774667502025
2023-06-09,26480.375,70.16999816894531,182.0399932861328,4298.85986328125,13259.1396484375,13.829999923706055,26507.90989220298,514279355771.4992,1149267753695.486,26480.375,44.748436917143714
2023-06-10,25851.240234375,,,,,,26469.581684007026,513226142603.1213,1145123837429.973,25851.240234375,44.81839656355126
2023-06-11,25940.16796875,,,,,,25858.12289218562,501653860264.2029,1098067891782.1224,25940.16796875,45.68514060182907
2023-06-12,25902.5,67.12000274658203,181.8800048828125,4338.93017578125,13461.919921875,15.010000228881836,25916.57989637981,502683000962.43024,1098864810218.6544,25902.5,45.74566373295777
2023-06-13,25918.728515625,69.41999816894531,180.5399932861328,4369.009765625,13573.3203125,14.609999656677246,25910.362742919464,502562686069.16986,1095502213031.1678,25918.728515625,45.875095466819616
2023-06-14,25124.67578125,68.2699966430664,180.63999938964844,4372.58984375,13626.48046875,13.880000114440918,25872.20645879509,501752262681.7188,1098452160904.478,25124.67578125,45.6781169485406
2023-06-15,25576.39453125,70.62000274658203,181.91000366210938,4425.83984375,13782.8203125,14.5,25107.754695880594,487262840554.6715,1063059983819.3114,25576.39453125,45.835874548118795
2023-06-16,26327.462890625,71.77999877929688,181.6300048828125,4409.58984375,13689.5703125,13.539999961853027,25564.599632887144,495788386559.1016,1075290065162.4708,26327.462890625,46.10740883988271
2023-06-17,26510.67578125,,,,,,26327.3256694539,510906153487.6052,1100538612119.2742,26510.67578125,46.42328291451479
2023-06-18,26336.212890625,,,,,,26501.044442233677,514331114457.8236,1109017667311.8428,26336.212890625,46.37717951820507
2023-06-19,26851.029296875,,,,,,26333.092529664373,511384956032.88007,1102334001271.8872,26851.029296875,46.39110790766116
2023-06-20,28327.48828125,70.5,179.75,4388.7099609375,13667.2900390625,13.880000114440918,26779.38746152284,519667661979.1768,1115047510832.9258,28327.48828125,46.60497933321172
2023-06-21,30027.296875,72.52999877929688,179.49000549316406,4365.68994140625,13502.2001953125,13.199999809265137,28330.891419807507,549330089183.52325,1159706107258.733,30027.296875,47.36804313999931
2023-06-22,29912.28125,69.51000213623047,177.7100067138672,4381.89013671875,13630.6103515625,12.90999984741211,30101.76481948869,584070487996.789,1215413414694.748,29912.28125,48.05529385599868
2023-06-23,30695.46875,69.16000366210938,178.1999969482422,4348.330078125,13492.51953125,13.4399995803833,29935.63210674956,581473706978.9268,1207236662998.5398,30695.46875,48.16567660682701
2023-06-24,30548.6953125,,,,,,30629.24435333575,594588611688.3142,1232341682805.5166,30548.6953125,48.24868135066968
2023-06-25,30480.26171875,,,,,,30537.816664634796,592912110031.5245,1224012100730.6697,30480.26171875,48.4400529764034
2023-06-26,30271.130859375,69.37000274658203,178.50999450683594,4328.81982421875,13335.7802734375,14.25,30454.75697441562,591387700082.1104,1229441463317.072,30271.130859375,48.10214375611894
2023-06-27,30688.1640625,67.69999694824219,177.69000244140625,4378.41015625,13555.669921875,13.739999771118164,30285.50506407074,587134340343.6245,1215424732964.238,30688.1640625,48.30692715226324
2023-06-28,30086.24609375,69.55999755859375,177.27999877929688,4376.85986328125,13591.75,13.430000305175781,30693.54635606798,595427193050.2291,1230752893139.494,30086.24609375,48.37910163520885
2023-06-29,30445.3515625,69.86000061035156,177.08999633789062,4396.43994140625,13591.330078125,13.539999961853027,30083.477245263824,584187696961.3756,1200200848780.9414,30445.3515625,48.67416129181563
2023-06-30,30477.251953125,70.63999938964844,178.27000427246094,4450.3798828125,13787.919921875,13.59000015258789,30466.61045689353,591688337868.8445,1216016897931.2087,30477.251953125,48.657904250794125
2023-07-01,30590.078125,,,,,,30480.781481944465,591722375245.7673,1236486138092.439,30590.078125,47.85515639978251
2023-07-02,30620.76953125,,,,,,30583.619599697537,593625140902.5646,1241356184013.059,30620.76953125,47.82069389492159
2023-07-03,31156.439453125,69.79000091552734,178.47000122070312,4455.58984375,13816.76953125,13.569999694824219,30571.887072871446,593627203721.8534,1245404848474.3054,31156.439453125,47.665400086492504
2023-07-04,30777.58203125,,,,,,31134.713133508405,604507839820.0979,1260365192311.7927,30777.58203125,47.962911345662825
2023-07-05,30514.166015625,71.79000091552734,177.83999633789062,4446.81982421875,13791.650390625,14.180000305175781,30775.624022375305,598449423994.1252,1248231119927.6367,30514.166015625,47.943799384589845
2023-07-06,29909.337890625,71.80000305175781,177.30999755859375,4411.58984375,13679.0400390625,15.4399995803833,30484.79377442352,592386606697.3153,1234656715218.1594,29909.337890625,47.97986350340651
2023-07-07,30342.265625,73.86000061035156,178.63999938964844,4398.9501953125,13660.7197265625,14.829999923706055,29990.055151220247,583429029204.2451,1209491798287.0151,30342.265625,48.237534973825106
2023-07-08,30292.541015625,,,,,,30315.26540235163,588811434763.8912,1222982051732.0752,30292.541015625,48.145549963711574
2023-07-09,30171.234375,,,,,,30264.19734525722,587678367157.9867,1222395807639.7312,30171.234375,48.07594753557837
2023-07-10,30414.470703125,72.98999786376953,178.77999877929688,4409.52978515625,13685.48046875,15.069999694824219,30169.87065747925,585883986681.1711,1216940100303.798,30414.470703125,48.144028332611484
2023-07-11,30620.951171875,74.83000183105469,179.4499969482422,4439.259765625,13760.7001953125,14.84000015258789,30394.28114637557,590311894648.7518,1227328658207.6506,30620.951171875,48.09729575701617
2023-07-12,30391.646484375,75.75,181.8800048828125,4472.16015625,13918.9599609375,13.539999961853027,30620.81424697801,594749192359.1351,1233052898811.5498,30391.646484375,48.23387487530914
2023-07-13,31476.048828125,76.88999938964844,182.00999450683594,4510.0400390625,14138.5703125,13.609999656677246,30407.41631435991,590629381260.7114,1227011047497.5898,31476.048828125,48.1356204954521
2023-07-14,30334.068359375,75.41999816894531,181.42999267578125,4505.419921875,14113.7001953125,13.34000015258789,31446.0149710716,610725509598.8464,1300488771986.7666,30334.068359375,46.96122894362528
2023-07-15,30295.806640625,,,,,,30311.82780813052,588107447250.1327,1258990785543.3452,30295.806640625,46.71260933782943
2023-07-16,30249.1328125,,,,,,30297.97140012553,588642134563.5204,1259462718935.5007,30249.1328125,46.73755925550868
2023-07-17,30145.888671875,74.1500015258789,181.55999755859375,4522.7900390625,14244.9501953125,13.479999542236328,30237.334785146097,586391434733.7153,1254173922431.204,30145.888671875,46.75519274049337
2023-07-18,29856.5625,75.75,183.63999938964844,4554.97998046875,14353.6396484375,13.300000190734863,30147.860079211525,585500720965.1113,1251826996217.5845,29856.5625,46.77169630741398
2023-07-19,29913.923828125,75.3499984741211,183.6699981689453,4565.72021484375,14358.01953125,13.760000228881836,29848.03227250528,579708613537.5165,1241220657627.441,29913.923828125,46.70471845397849
2023-07-20,29792.015625,75.62999725341797,182.74000549316406,4534.8701171875,14063.3095703125,13.989999771118164,29919.87483825516,581327322356.8716,1246938125829.6406,29792.015625,46.62038238425744
2023-07-21,29908.744140625,77.06999969482422,182.17999267578125,4536.33984375,14032.8095703125,13.600000381469727,29787.041530355687,579308712612.258,1244511650917.5647,29908.744140625,46.54907908536976
2023-07-22,29771.802734375,,,,,,29914.68272835899,581397880391.4172,1246654449959.9087,29771.802734375,46.63665063002137
2023-07-23,30084.5390625,,,,,,29710.155935991766,577068525402.119,1235576748968.0945,30084.5390625,46.70438529084204
2023-07-24,29176.916015625,78.73999786376953,181.39999389648438,4554.64013671875,14058.8701171875,13.90999984741211,30057.956718714588,584296796267.4817,1247937389475.131,29176.916015625,46.82100249542411
2023-07-25,29227.390625,79.62999725341797,182.41000366210938,4567.4599609375,14144.5595703125,13.859999656677246,29184.901913057693,567051778655.836,1216694575085.0427,29227.390625,46.605926439361426
2023-07-26,29354.97265625,78.77999877929688,183.3000030517578,4566.75,14127.2802734375,13.1899995803833,29222.974630383527,568019115128.7598,1223086233103.939,29354.97265625,46.44146093340002
2023-07-27,29210.689453125,80.08999633789062,180.4199981689453,4537.41015625,14050.1103515625,14.40999984741211,29363.672907978616,570531781624.6747,1228911440389.4785,29210.689453125,46.42578487542245
2023-07-28,29319.24609375,80.58000183105469,181.86000061035156,4582.22998046875,14316.66015625,13.329999923706055,29200.244001291318,567708714251.7643,1224575781632.11,29319.24609375,46.35962288059659
2023-07-29,29356.91796875,,,,,,29314.09738709836,569952119667.3986,1230793144162.8728,29356.91796875,46.30770998119696
2023-07-30,29275.30859375,,,,,,29356.74774591667,570804910032.5747,1235065679205.8616,29275.30859375,46.21656318711716
2023-07-31,29230.111328125,81.80000305175781,182.35000610351562,4588.9599609375,14346.01953125,13.630000114440918,29277.75581027272,569135711632.8535,1226246096891.7622,29230.111328125,46.412845926725076
2023-08-01,29675.732421875,81.37000274658203,180.4600067138672,4576.72998046875,14283.91015625,13.930000305175781,29233.13636558044,568333703606.0996,1221811760665.834,29675.732421875,46.5156517478914
2023-08-02,29151.958984375,79.48999786376953,179.60000610351562,4513.39013671875,13973.4501953125,16.09000015258789,29537.109746927432,572408929757.971,1241307028721.733,29151.958984375,46.113404380495886
2023-08-03,29178.6796875,81.55000305175781,179.5399932861328,4501.89013671875,13959.7197265625,15.920000076293945,29146.63627084363,567074709353.651,1215187853412.993,29178.6796875,46.665600529247996
2023-08-04,29074.091796875,82.81999969482422,180.19000244140625,4478.02978515625,13909.240234375,17.100000381469727,29176.15059658541,567940644790.4882,1210376603437.2769,29074.091796875,46.92263905115376
2023-08-05,29042.126953125,,,,,,29087.938086007627,565073127339.627,1206629454316.1873,29042.126953125,46.830708907223
2023-08-06,29041.85546875,,,,,,29046.8004570232,564970113457.8998,1207823146629.4316,29041.85546875,46.77589720270831
2023-08-07,29180.578125,81.94000244140625,179.77999877929688,4518.43994140625,13994.400390625,15.770000457763672,29044.20437557756,564947914083.0184,1205961871801.8215,29180.578125,46.84625005921063
2023-08-08,29765.4921875,82.91999816894531,178.63999938964844,4499.3798828125,13884.3203125,15.989999771118164,29178.147751873083,567529179865.8152,1207912871221.0269,29765.4921875,46.98428118347017
2023-08-09,29561.494140625,84.4000015258789,177.7899932861328,4467.7099609375,13722.01953125,15.960000038146973,29779.56167125089,579214283623.8071,1229019061754.526,29561.494140625,47.128177393516665
2023-08-10,29429.591796875,82.81999969482422,177.60000610351562,4468.830078125,13737.990234375,15.850000381469727,29585.48807737921,575535414817.4033,1225624840387.3052,29429.591796875,46.95853052680709
2023-08-11,29397.71484375,83.19000244140625,177.60000610351562,4464.0498046875,13644.849609375,14.84000015258789,29423.81891597763,572414205818.4142,1220120187364.7112,29397.71484375,46.91457544479686
2023-08-12,29415.96484375,,,,,,29396.8479714205,571976559045.8302,1219187069577.7566,29415.96484375,46.914585408449575
2023-08-13,29282.9140625,,,,,,29412.142274584105,572257798803.9086,1220255925201.413,29282.9140625,46.89653924109836
2023-08-14,29408.443359375,82.51000213623047,177.05999755859375,4489.72021484375,13788.330078125,14.819999694824219,29284.96971374381,569687130446.7833,1214800603600.6626,29408.443359375,46.89552579725707
2023-08-15,29170.34765625,80.98999786376953,176.58999633789062,4437.85986328125,13631.0498046875,16.459999084472656,29400.58680419105,572242735188.2397,1219721103593.2185,29170.34765625,46.9158673652895
2023-08-16,28701.779296875,79.37999725341797,175.57000732421875,4404.330078125,13474.6298828125,16.780000686645508,29170.490397060614,567498309102.7323,1204035026073.447,28701.779296875,47.13303988783749
2023-08-17,26664.55078125,80.38999938964844,175.3000030517578,4370.35986328125,13316.9296875,17.889999389648438,28754.197021112574,559982624303.4923,1181668125762.6572,26664.55078125,47.38916215939018
2023-08-18,26049.556640625,81.25,175.3300018310547,4369.7099609375,13290.7802734375,17.299999237060547,26501.58726991974,516026928368.8375,1107025487299.0117,26049.556640625,46.613825452914504
2023-08-19,26096.205078125,,,,,,26042.838256849,506815826635.9217,1092709345199.419,26096.205078125,46.38157702800904
2023-08-20,26189.583984375,,,,,,26104.778630797897,508087686822.7044,1098489962754.0408,26189.583984375,46.253284422269104
2023-08-21,26124.140625,80.72000122070312,175.80999755859375,4399.77001953125,13497.58984375,17.1299991607666,26160.70041981821,509078930366.0949,1104764005736.7683,26124.140625,46.08033278805003
2023-08-22,26031.65625,80.3499984741211,176.10000610351562,4387.5498046875,13505.8701171875,16.969999313354492,26119.005958595222,508491920831.3545,1096014101210.6588,26031.65625,46.39465133429155
2023-08-23,26431.640625,78.88999938964844,177.88999938964844,4436.009765625,13721.0302734375,15.979999542236328,26033.675406585844,506356213378.17975,1088169951199.0323,26431.640625,46.53282447472806
2023-08-24,26162.373046875,79.05000305175781,177.85000610351562,4376.31005859375,13463.9697265625,17.200000762939453,26450.00862461353,514955818082.4346,1106671471779.0747,26162.373046875,46.53195019607729
2023-08-25,26047.66796875,79.83000183105469,177.6199951171875,4405.7099609375,13590.650390625,15.680000305175781,26134.934254516003,508906955118.32086,1095770084665.1548,26047.66796875,46.44285897564292
2023-08-26,26008.462890625,,,,,,26044.036209289134,507007928705.4434,1093074378877.6422,26008.462890625,46.38366231088813
2023-08-27,26089.693359375,,,,,,26002.01571731937,506086069151.6848,1091076494971.0931,26089.693359375,46.384105191918096
2023-08-28,26106.150390625,80.0999984741211,178.1300048828125,4433.31005859375,13705.1298828125,15.079999923706055,26082.717178218525,507835678906.7792,1095556226539.9264,26106.150390625,46.3541410841748
2023-08-29,27727.392578125,81.16000366210938,179.8699951171875,4497.6298828125,13943.759765625,14.449999809265137,26109.2698239287,508350651765.9018,1095774992089.0988,27727.392578125,46.391882953701064
2023-08-30,27297.265625,81.62999725341797,180.32000732421875,4514.8701171875,14019.3095703125,13.880000114440918,27730.50373550554,539045091002.1688,1146702002421.641,27297.265625,47.0082976975532
2023-08-31,25931.47265625,83.62999725341797,180.02000427246094,4507.66015625,14034.9697265625,13.569999694824219,27297.261438480404,531729400483.3156,1130437098670.7004,25931.47265625,47.0375044404138
2023-09-01,25800.724609375,85.55000305175781,180.11000061035156,4515.77001953125,14031.8095703125,13.09000015258789,25927.417005779287,505403246528.0237,1087225142303.214,25800.724609375,46.48561064890024
2023-09-02,25868.798828125,,,,,,25812.33049442542,502687549096.97,1081098096939.2043,25868.798828125,46.49786643045387
2023-09-03,25969.56640625,,,,,,25853.65684277757,503679892454.50775,1083917202749.4982,25969.56640625,46.46848404812264
2023-09-04,25812.416015625,,,,,,25959.59631146345,505513039060.6845,1086311173983.0204,25812.416015625,46.53482824881501
2023-09-05,25779.982421875,86.69000244140625,178.63999938964844,4496.830078125,14020.9501953125,14.010000228881836,25829.364772941324,502409490053.88367,1081886725595.8094,25779.982421875,46.43827104701742
2023-09-06,25753.236328125,87.54000091552734,177.8300018310547,4465.47998046875,13872.4697265625,14.449999809265137,25784.41351983038,501979376928.41833,1082029967281.3906,25753.236328125,46.392372864648635
2023-09-07,26240.1953125,86.87000274658203,178.02000427246094,4451.14013671875,13748.830078125,14.399999618530273,25752.958418589413,501615002105.18665,1081962097880.9868,26240.1953125,46.36160574271457
2023-09-08,25905.654296875,87.51000213623047,178.0800018310547,4457.490234375,13761.5302734375,13.84000015258789,26192.333433090567,509837705629.17126,1095017235126.4672,25905.654296875,46.5597882183369
2023-09-09,25895.677734375,,,,,,25907.22813724973,504533063388.2184,1085513608281.7662,25895.677734375,46.4787414491129
2023-09-10,25832.2265625,,,,,,25889.3250094629,504373920218.6837,1084142172223.7625,25832.2265625,46.522857715619146
2023-09-11,25162.654296875,87.29000091552734,178.41000366210938,4487.4599609375,13917.8896484375,13.800000190734863,25834.580098562918,503489661583.33154,1076190165059.704,25162.654296875,46.78445110631534
2023-09-12,25833.34375,88.83999633789062,177.49000549316406,4461.89990234375,13773.6103515625,14.229999542236328,25133.303106566527,489502952545.6269,1046247514101.49,25833.34375,46.78653434756389
2023-09-13,26228.32421875,88.5199966430664,177.0800018310547,4467.43994140625,13813.58984375,13.479999542236328,25866.806663158084,503997883573.3815,1069791685962.5367,26228.32421875,47.11177794580758
2023-09-14,26539.673828125,90.16000366210938,177.1699981689453,4505.10009765625,13926.0498046875,12.819999694824219,26223.436075660946,510909474484.6564,1081790147451.7134,26539.673828125,47.22815008882869
2023-09-15,26608.693359375,90.7699966430664,178.33999633789062,4450.31982421875,13708.330078125,13.789999961853027,26531.39556626326,516823786025.9003,1093374821344.5372,26608.693359375,47.268674560326474
2023-09-16,26568.28125,,,,,,26634.631025000588,518872387637.1001,1100880371440.9812,26568.28125,47.13249514640085
2023-09-17,26534.1875,,,,,,26557.768691994646,517396850180.9239,1100269430920.817,26534.1875,47.02455922527211
2023-09-18,26754.28125,91.4800033569336,179.38999938964844,4453.52978515625,13710.240234375,14.0,26520.98825478389,516614128895.5437,1094456050272.7324,26754.28125,47.202820868577255
2023-09-19,27211.1171875,91.19999694824219,179.22000122070312,4443.9501953125,13678.1904296875,14.109999656677246,26741.461110948952,521346975856.4663,1104340498013.228,27211.1171875,47.208897690014936
2023-09-20,27132.0078125,90.27999877929688,179.35000610351562,4402.2001953125,13469.1298828125,15.140000343322754,27219.296874634216,530357673731.022,1118199255148.215,27132.0078125,47.4296214461996
2023-09-21,26567.6328125,89.62999725341797,178.0500030517578,4330.0,13223.98046875,17.540000915527344,27115.846446970816,529168513966.1614,1112754742934.414,26567.6328125,47.554819903144704
2023-09-22,26579.568359375,90.02999877929688,178.6199951171875,4320.06005859375,13211.8095703125,17.200000762939453,26561.13345419872,517743774814.63885,1091665726200.7128,26579.568359375,47.42695152815001
2023-09-23,26579.390625,,,,,,26572.0381115526,518383856096.9625,1094045880820.3156,26579.390625,47.382277579462965
2023-09-24,26256.826171875,,,,,,26573.9234797301,517968304453.2548,1094155580177.9496,26256.826171875,47.33954785196218
2023-09-25,26298.48046875,89.68000030517578,177.6999969482422,4337.43994140625,13271.3203125,16.899999618530273,26249.562897845204,511787693512.02826,1082955312304.0916,26298.48046875,47.258431414233584
2023-09-26,26217.25,90.38999938964844,176.27999877929688,4273.52978515625,13063.6103515625,18.940000534057617,26298.634678281232,512103393581.80255,1086822225011.9464,26217.25,47.119333944074754
2023-09-27,26352.716796875,93.68000030517578,174.10000610351562,4274.509765625,13092.849609375,18.219999313354492,26204.75759083597,511054250889.6227,1084428532352.1534,26352.716796875,47.12659577308731
2023-09-28,27021.546875,91.70999908447266,173.22999572753906,4299.7001953125,13201.2802734375,17.34000015258789,26350.146895428057,513713645983.85016,1088402686970.2688,27021.546875,47.198858670024855
2023-09-29,26911.720703125,90.79000091552734,171.4499969482422,4288.0498046875,13219.3203125,17.520000457763672,27009.01375072488,526917684460.4055,1113829198503.0608,26911.720703125,47.30686582543899
2023-09-30,26967.916015625,,,,,,26917.199101637976,524946724658.764,1114821635610.335,26967.916015625,47.087956305348314
2023-10-01,27983.75,,,,,,26969.876144072576,525936342995.4552,1117424929703.1956,27983.75,47.066816661693025
2023-10-02,27530.78515625,88.81999969482422,169.64999389648438,4288.39013671875,13307.76953125,17.610000610351562,27967.510579087117,545302108027.2094,1153673853135.153,27530.78515625,47.26657421812325
2023-10-03,27429.978515625,89.2300033569336,169.16000366210938,4229.4501953125,13059.4697265625,19.780000686645508,27615.06488509527,538323470357.8827,1128909538537.3665,27429.978515625,47.685261925888526
2023-10-04,27799.39453125,84.22000122070312,169.13999938964844,4263.75,13236.009765625,18.579999923706055,27439.12194670512,535605771922.4797,1125578687680.3838,27799.39453125,47.58492478444731
2023-10-05,27415.912109375,82.30999755859375,168.8300018310547,4258.18994140625,13219.830078125,18.489999771118164,27792.1112772493,541954661181.1118,1131531071550.8125,27415.912109375,47.89569414460174
2023-10-06,27946.59765625,82.79000091552734,169.6999969482422,4308.5,13431.33984375,17.450000762939453,27435.874615135104,534851643044.50543,1116505377318.9417,27946.59765625,47.90408124400097
2023-10-07,27968.83984375,,,,,,27958.196437350485,545154869332.6545,1136399486891.5408,27968.83984375,47.97211505470212
2023-10-08,27935.08984375,,,,,,27977.543490700005,545619681437.3984,1133796700819.1873,27935.08984375,48.12323770594666
2023-10-09,27583.677734375,86.37999725341797,172.82000732421875,4335.66015625,13484.240234375,17.700000762939453,27948.10365174851,544989660641.62256,1132344461173.896,27583.677734375,48.12931747611804
2023-10-10,27391.01953125,85.97000122070312,172.52999877929688,4358.240234375,13562.83984375,17.030000686645508,27593.782534439662,538282690587.88,1110337257283.983,27391.01953125,48.47920639037039
2023-10-11,26873.3203125,83.48999786376953,173.7899932861328,4376.9501953125,13659.6796875,16.09000015258789,27392.247702732497,535200388379.76337,1102929447011.5967,26873.3203125,48.52535126611195
2023-10-12,26756.798828125,82.91000366210938,173.25999450683594,4349.60986328125,13574.2197265625,16.690000534057617,26842.1904390924,523656381533.0463,1090487890436.17,26756.798828125,48.02037566172292
2023-10-13,26862.375,87.69000244140625,178.8300018310547,4327.77978515625,13407.23046875,19.31999969482422,26729.137205815103,521607675083.3507,1082096448632.1602,26862.375,48.20343655528087
2023-10-14,26861.70703125,,,,,,26841.136220644406,523655619453.7407,1088204909558.509,26861.70703125,48.1210491566511
2023-10-15,27159.65234375,,,,,,26863.18356907992,523979202939.078,1090334950540.2384,27159.65234375,48.05671896323759
2023-10-16,28519.466796875,86.66000366210938,177.9600067138672,4373.6298828125,13567.98046875,17.209999084472656,27150.29700140705,529643463244.3381,1098523813526.1498,28519.466796875,48.21410849021437
2023-10-17,28415.748046875,86.66000366210938,178.2899932861328,4373.2001953125,13533.75,17.8799991607666,28513.30993247735,555338775502.1107,1137281883700.6245,28415.748046875,48.830354502358084
2023-10-18,28328.341796875,88.31999969482422,180.8699951171875,4314.60009765625,13314.2998046875,19.219999313354492,28417.72175169982,555003134086.2079,1125633701113.089,28328.341796875,49.30583843904016
2023-10-19,28719.806640625,89.37000274658203,183.08999633789062,4278.0,13186.1796875,21.399999618530273,28328.245198134824,553311088369.7102,1122725212119.2136,28719.806640625,49.28285945634918
2023-10-20,29682.94921875,88.75,183.58999633789062,4224.16015625,12983.8095703125,21.709999084472656,28715.748142407952,559364043794.7655,1134505481740.6414,29682.94921875,49.30465765018149
2023-10-21,29918.412109375,,,,,,29677.392888476206,579536788709.3126,1162468150047.521,29918.412109375,49.853992875901284
2023-10-22,29993.896484375,,,,,,29920.07449265145,583719549318.5221,1177329887458.588,29993.896484375,49.57994828268166
2023-10-23,33086.234375,85.48999786376953,182.97000122070312,4217.0400390625,13018.330078125,20.3700008392334,30019.38050086351,583399133857.2509,1183558193623.3145,33086.234375,49.291968658613044
2023-10-24,33901.52734375,83.73999786376953,182.9499969482422,4247.68017578125,13139.8701171875,18.969999313354492,32953.262760830985,641535355789.0791,1275953353898.6155,33901.52734375,50.278903521739096
2023-10-25,34502.8203125,85.38999938964844,183.72000122070312,4186.77001953125,12821.2197265625,20.190000534057617,33846.72425733224,660676033939.1393,1293626704661.514,34502.8203125,51.07161374749214
2023-10-26,34156.6484375,83.20999908447266,184.00999450683594,4137.22998046875,12595.6103515625,20.68000030517578,34471.986031672015,673948847498.8158,1307815819576.2114,34156.6484375,51.53239756017053
2023-10-27,33909.80078125,85.54000091552734,186.14999389648438,4117.3701171875,12643.009765625,21.270000457763672,34174.451552912586,667401630872.5822,1304728796190.0698,33909.80078125,51.15251788888675
2023-10-28,34089.57421875,,,,,,33899.09305644032,662119938018.2968,1293859189589.1345,34089.57421875,51.17403372375886
2023-10-29,34538.48046875,,,,,,34092.630932838576,665892923223.9833,1299900479822.736,34538.48046875,51.22645414476571
2023-10-30,34502.36328125,82.30999755859375,185.10000610351562,4166.81982421875,12789.48046875,19.75,34556.242814761616,674293769229.6088,1316582841271.9695,34502.36328125,51.215445628788835
2023-10-31,34667.78125,81.0199966430664,184.08999633789062,4193.7998046875,12851.240234375,18.139999389648438,34498.70391946407,673508057017.6387,1322698206850.5652,34667.78125,50.91925380478948
2023-11-01,35437.25390625,80.44000244140625,183.50999450683594,4237.85986328125,13061.4697265625,16.8700008392334,34672.2892841885,676319525450.0793,1329309032273.0503,35437.25390625,50.87752426488878
2023-11-02,34938.2421875,82.45999908447266,184.1199951171875,4317.77978515625,13294.1904296875,15.65999984741211,35457.45491210553,692543794894.7606,1355856336486.2314,34938.2421875,51.07796277956129
2023-11-03,34732.32421875,80.51000213623047,184.7899932861328,4358.33984375,13478.2802734375,14.90999984741211,34924.05545044328,681560028736.5514,1339462222463.202,34732.32421875,50.88310945292639
2023-11-04,35082.1953125,,,,,,34731.38136896784,677974451476.0634,1342419665820.843,35082.1953125,50.50391235601466
2023-11-05,35049.35546875,,,,,,35048.407834901074,685385094861.7168,1359511252049.0774,35049.35546875,50.41408034164434
2023-11-06,35037.37109375,80.81999969482422,183.35000610351562,4365.97998046875,13518.7802734375,14.890000343322754,35061.92874919579,684647430279.3319,1371257988643.0254,35037.37109375,49.928418718409645
2023-11-07,35443.5625,77.37000274658203,182.58999633789062,4378.3798828125,13639.8603515625,14.8100004196167,35031.26888208706,683644463783.0627,1384667888371.821,35443.5625,49.372450211648555
2023-11-08,35655.27734375,75.33000183105469,180.77000427246094,4382.77978515625,13650.41015625,14.449999809265137,35436.53762957962,691660755958.351,1388789159453.817,35655.27734375,49.80315055385134
2023-11-09,36693.125,75.73999786376953,181.49000549316406,4347.35009765625,13521.4501953125,15.289999961853027,35795.0806307102,699187515031.6934,1392524660947.3816,36693.125,50.210063393492256
2023-11-10,37313.96875,77.16999816894531,179.50999450683594,4415.240234375,13798.1103515625,14.170000076293945,36768.42081912672,717022051490.4104,1452467063879.8284,37313.96875,49.3658045212469
2023-11-11,37138.05078125,,,,,,37344.249000720345,730760729870.4996,1469975968104.5627,37138.05078125,49.71242698700493
2023-11-12,37054.51953125,,,,,,37122.72282430656,720323851790.6948,1467235444681.079,37054.51953125,49.093951103891555
2023-11-13,36502.35546875,78.26000213623047,180.50999450683594,4411.5498046875,13767.740234375,14.760000228881836,37067.69698212008,725016899532.0363,1466522256444.0916,36502.35546875,49.43783814710051
2023-11-14,35537.640625,78.26000213623047,182.1199951171875,4495.7001953125,14094.3798828125,14.15999984741211,36549.16204829837,714263437353.6985,1445763066291.869,35537.640625,49.40390676777074
2023-11-15,37880.58203125,76.66000366210938,181.63999938964844,4502.8798828125,14103.83984375,14.180000305175781,35545.201433454065,694845286838.959,1413456597541.059,37880.58203125,49.15929417625961
2023-11-16,36154.76953125,72.9000015258789,183.69000244140625,4508.240234375,14113.669921875,14.319999694824219,37903.66245166294,739215831747.2646,1492209615361.8457,36154.76953125,49.538337250830025
2023-11-17,36596.68359375,75.88999938964844,183.6699981689453,4514.02001953125,14125.48046875,13.800000190734863,36201.51611146142,707488742969.5619,1432169533736.4907,36596.68359375,49.39979006003174
2023-11-18,36585.703125,,,,,,36527.76022530742,714651953916.8749,1441069963592.8442,36585.703125,49.591759732131266
2023-11-19,37386.546875,,,,,,36582.36844192274,715117663450.342,1441638310658.4902,37386.546875,49.60451301573008
2023-11-20,37476.95703125,77.5999984741211,183.3699951171875,4547.3798828125,14284.5302734375,13.40999984741211,37413.99460790531,732521837352.2426,1472092722460.3088,37476.95703125,49.76057731798162
2023-11-21,35813.8125,77.7699966430664,185.35000610351562,4538.18994140625,14199.98046875,13.350000381469727,37489.298470802016,732673492672.5168,1469926181555.36,35813.8125,49.844237204977155
2023-11-22,37432.33984375,77.0999984741211,184.55999755859375,4556.6201171875,14265.8603515625,12.850000381469727,35965.36036068078,702705880301.6978,1406754886788.2656,37432.33984375,49.95226154188323
2023-11-23,37289.62109375,,,,,,37464.83293220907,732259726682.3702,1476766542950.6255,37289.62109375,49.58534103970778
2023-11-24,37720.28125,75.54000091552734,185.52000427246094,4559.33984375,14250.849609375,12.460000038146973,37293.316127426726,728816537112.472,1474673044992.671,37720.28125,49.42224580473662
2023-11-25,37796.79296875,,,,,,37738.93169747125,737614054534.8141,1491309770261.1453,37796.79296875,49.46082090011718
2023-11-26,37479.12109375,,,,,,37809.85286625321,739536714717.2401,1498629242990.148,37479.12109375,49.347543308422004
2023-11-27,37254.16796875,74.86000061035156,186.77000427246094,4550.43017578125,14241.01953125,12.6899995803833,37491.838186008135,733376783676.3198,1486512289205.563,37254.16796875,49.33539998302056
2023-11-28,37831.0859375,76.41000366210938,189.25999450683594,4554.89013671875,14281.759765625,12.6899995803833,37250.16905148115,728040168286.0479,1469478182897.6592,37831.0859375,49.54412911734612
2023-11-29,37858.4921875,77.86000061035156,189.5399932861328,4550.580078125,14258.490234375,12.979999542236328,37802.23604377473,738816928726.5587,1490279602524.7908,37858.4921875,49.57572575474262
2023-11-30,37712.74609375,75.95999908447266,188.75,4567.7998046875,14226.2197265625,12.920000076293945,37810.34641654128,740494537382.5989,1486562516352.3706,37712.74609375,49.812539280189554
2023-12-01,38688.75,74.06999969482422,192.00999450683594,4594.6298828125,14305.0302734375,12.630000114440918,37711.81837585267,737659515838.6104,1489832828526.2317,38688.75,49.51290518737702
2023-12-02,39476.33203125,,,,,,38688.25874179069,756249390093.0282,1519960327161.51,39476.33203125,49.754547969374045
2023-12-03,39978.390625,,,,,,39481.666416062864,771834682369.2777,1555698632847.7888,39978.390625,49.613380514219095
2023-12-04,41980.09765625,73.04000091552734,187.86000061035156,4569.77978515625,14185.490234375,13.079999923706055,39960.27542041052,782845232813.069,1569691992942.5776,41980.09765625,49.87253781842455
2023-12-05,44080.6484375,72.31999969482422,187.14999389648438,4567.18017578125,14229.91015625,12.850000381469727,41974.331772543344,820527379429.3416,1616072759441.481,44080.6484375,50.77292310235574
2023-12-06,43746.4453125,69.37999725341797,187.83999633789062,4549.33984375,14146.7099609375,12.970000267028809,44105.94477259938,863171503830.3232,1677119131681.5432,43746.4453125,51.4675128036298
2023-12-07,43292.6640625,69.33999633789062,188.14999389648438,4585.58984375,14339.990234375,13.0600004196167,43788.28880825234,857037901744.5414,1662012920008.3416,43292.6640625,51.56625989046102
2023-12-08,44166.6015625,71.2300033569336,185.63999938964844,4604.3701171875,14403.9697265625,12.350000381469727,43270.11955970747,848245522795.3333,1677594251317.421,44166.6015625,50.56321110597529
2023-12-09,43725.984375,,,,,,44202.17610943621,863242780337.311,1718167839004.7373,43725.984375,50.242052070847244
2023-12-10,43779.69921875,,,,,,43745.49199189547,855611272269.695,1705849521059.352,43779.69921875,50.157488202027956
2023-12-11,41243.83203125,71.31999969482422,183.58999633789062,4622.43994140625,14432.490234375,12.630000114440918,43757.959937619176,856192504674.1926,1710907800534.4517,41243.83203125,50.04317032202062
2023-12-12,41450.22265625,68.61000061035156,183.49000549316406,4643.7001953125,14533.400390625,12.069999694824219,41200.96272610168,806178244439.1412,1624248881828.403,41450.22265625,49.63391100085803
2023-12-13,42890.7421875,69.47000122070312,187.6300048828125,4707.08984375,14733.9599609375,12.1899995803833,41450.81938737744,812055172695.532,1637859811179.8347,42890.7421875,49.58026121359965
2023-12-14,43023.97265625,71.58000183105469,188.72999572753906,4719.5498046875,14761.5595703125,12.479999542236328,42931.76182603245,840112594142.6609,1678056073010.285,43023.97265625,50.06463178763585
2023-12-15,41929.7578125,71.43000030517578,187.0,4719.18994140625,14813.919921875,12.279999732971191,43009.5954563739,841400560142.884,1706301303020.3042,41929.7578125,49.31137066200036
2023-12-16,42240.1171875,,,,,,41992.01418722399,821883086852.3783,1648291795093.7024,42240.1171875,49.862717833019104
2023-12-17,41364.6640625,,,,,,42247.06788172229,825747211475.3832,1665307286132.6218,41364.6640625,49.58527584377735
2023-12-18,42623.5390625,72.47000122070312,187.85000610351562,4740.56005859375,14904.8095703125,12.5600004196167,41410.819634575855,810534011290.7083,1632655456210.627,42623.5390625,49.645135365666654
2023-12-19,42270.52734375,73.44000244140625,189.1300048828125,4768.3701171875,15003.2197265625,12.529999732971191,42684.182554683386,834757901244.3383,1664169977544.1814,42270.52734375,50.160615352296645
2023-12-20,43652.25,74.22000122070312,188.10000610351562,4698.35009765625,14777.9404296875,13.670000076293945,42250.20618279751,827483345952.5029,1655625402119.8137,43652.25,49.98010690661171
2023-12-21,43869.15234375,73.88999938964844,189.42999267578125,4746.75,14963.8701171875,13.649999618530273,43634.1241684964,854173854159.8182,1702994575146.412,43869.15234375,50.15716823915203
2023-12-22,43997.90234375,73.55999755859375,190.27000427246094,4754.6298828125,14992.9697265625,13.029999732971191,43849.69959939619,858312140014.9476,1732311542131.019,43997.90234375,49.54721591008319
2023-12-23,43739.54296875,,,,,,44003.6960216438,861822676200.4246,1753176716451.1057,43739.54296875,49.15777560319088
2023-12-24,43016.1171875,,,,,,43752.03088478376,856850313226.057,1753140275588.6863,43016.1171875,48.8751713229756
2023-12-25,43613.140625,,,,,,43034.97106309152,845029028630.4425,1731561674192.506,43613.140625,48.80155533729471
2023-12-26,42520.40234375,75.56999969482422,191.72000122070312,4774.75,15074.5703125,12.989999771118164,43638.23630220092,854524607072.9797,1762061185259.2534,42520.40234375,48.49573977462383
2023-12-27,43442.85546875,74.11000061035156,192.58999633789062,4781.580078125,15099.1796875,12.430000305175781,42516.42694028252,832471600531.6842,1728719876719.3765,43442.85546875,48.15537854007214
2023-12-28,42627.85546875,71.7699966430664,191.47000122070312,4783.35009765625,15095.1396484375,12.470000267028809,43418.46777504291,849194163327.4839,1777883377613.004,42627.85546875,47.76433449012931
2023-12-29,42099.40234375,71.6500015258789,191.1699981689453,4769.830078125,15011.349609375,12.449999809265137,42600.65063315619,836073458797.803,1748597588558.6226,42099.40234375,47.813943257635536
2023-12-30,42156.90234375,,,,,,42074.70715618848,822933961870.5416,1729284429139.7424,42156.90234375,47.58812072805872
2023-12-31,42265.1875,,,,,,42220.61140121376,826609156660.5117,1729450086033.467,42265.1875,47.79606901268591
2024-01-01,44167.33203125,,,,,,42208.20217618648,827596236151.1959,1724556588113.7185,44167.33203125,47.988928971962714
2024-01-02,44957.96875,70.37999725341797,190.72000122070312,4742.830078125,14765.9404296875,13.199999809265137,44168.68118687473,863804922701.8125,1791713491571.703,44957.96875,48.21110778956501
2024-01-03,42848.17578125,72.69999694824219,189.1300048828125,4704.81005859375,14592.2099609375,14.039999961853027,44994.67388689237,878395004792.8407,1803289244630.796,42848.17578125,48.71071057558948
2024-01-04,44179.921875,72.19000244140625,189.32000732421875,4688.68017578125,14510.2998046875,14.130000114440918,42821.558989158,838208392904.1771,1715511272131.7874,44179.921875,48.860558745415524
2024-01-05,44162.69140625,73.80999755859375,189.35000610351562,4697.240234375,14524.0703125,13.350000381469727,44195.57856209971,866352960236.8643,1763798520386.0608,44162.69140625,49.11858980623459
2024-01-06,43989.1953125,,,,,,44113.69973389081,863690851062.0247,1749158338913.5452,43989.1953125,49.37751099185732
2024-01-07,43943.09765625,,,,,,43956.12071720152,861211168830.4689,1729724771784.4568,43943.09765625,49.788913408576974
2024-01-08,46970.50390625,70.7699966430664,187.8699951171875,4763.5400390625,14843.76953125,13.079999923706055,43883.74387905174,856926317087.4954,1713463776179.8215,46970.50390625,50.01134713206591
2024-01-09,46139.73046875,72.23999786376953,187.92999267578125,4756.5,14857.7099609375,12.760000228881836,46936.18556121751,919666641903.4098,1811372935229.5808,46139.73046875,50.7717998881797
2024-01-10,46627.77734375,71.37000274658203,187.5,4783.4501953125,14969.650390625,12.6899995803833,46105.94607828697,902166917320.3264,1784757394063.8606,46627.77734375,50.54843421974056
2024-01-11,46368.5859375,72.0199966430664,187.8699951171875,4780.240234375,14970.1904296875,12.4399995803833,46632.31314804979,915259343942.036,1855739499050.909,46368.5859375,49.32046466705764
2024-01-12,42853.16796875,72.68000030517578,189.7100067138672,4783.830078125,14972.759765625,12.699999809265137,46314.35554160269,909846384596.2128,1861251024122.0337,42853.16796875,48.88359349730347
2024-01-13,42842.3828125,,,,,,42893.92960550481,838383512176.7352,1754982348900.704,42842.3828125,47.77162076313113
2024-01-14,41796.26953125,,,,,,42848.47451640749,839198740717.084,1771655546824.6614,41796.26953125,47.368053130936204
2024-01-15,42511.96875,,,,,,41800.93282193406,822907066751.3778,1728799787243.2722,42511.96875,47.599905600611955
2024-01-16,43154.9453125,72.4000015258789,187.91000366210938,4765.97998046875,14944.349609375,13.84000015258789,42587.336038354406,835225973285.8562,1756252196711.5986,43154.9453125,47.55729130757705
2024-01-17,42742.65234375,72.55999755859375,185.83999633789062,4739.2099609375,14855.6201171875,14.789999961853027,43148.00164342693,845770850849.578,1777080311666.906,42742.65234375,47.59328237991915
2024-01-18,41262.05859375,74.08000183105469,187.3699951171875,4780.93994140625,15055.650390625,14.130000114440918,42713.859186938986,836987995502.6503,1765644370244.5732,41262.05859375,47.404109774762425
2024-01-19,41618.40625,73.41000366210938,187.92999267578125,4839.81005859375,15310.9697265625,13.300000190734863,41261.39479801012,808845819110.2808,1709892165259.1938,41618.40625,47.303908137836984
2024-01-20,41665.5859375,,,,,,41600.94093254464,815241536115.3193,1719760181077.7173,41665.5859375,47.404373300725815
2024-01-21,41545.78515625,,,,,,41626.10711003664,817217622403.9753,1720552298603.465,41545.78515625,47.49740086757567
2024-01-22,39507.3671875,75.19000244140625,187.22000122070312,4850.43017578125,15360.2900390625,13.1899995803833,41541.89945706261,814709364023.4832,1714569530348.3298,39507.3671875,47.5168460422814
2024-01-23,39845.55078125,74.37000274658203,187.9499969482422,4864.60009765625,15425.9404296875,12.550000190734863,39504.73005758438,775020895102.2928,1630701016261.484,39845.55078125,47.52685424082779
2024-01-24,40077.07421875,75.08999633789062,186.39999389648438,4868.5498046875,15481.919921875,13.140000343322754,39833.45410501688,779133357029.7626,1628101789636.0967,40077.07421875,47.85532219112109
2024-01-25,39933.80859375,77.36000061035156,187.13999938964844,4894.16015625,15510.5,13.449999809265137,40123.67105847147,786928905377.1826,1637708473290.2825,39933.80859375,48.05060962994115
2024-01-26,41816.87109375,78.01000213623047,187.00999450683594,4890.97021484375,15455.3603515625,13.260000228881836,39938.28644155878,783180536824.566,1628781540805.2976,41816.87109375,48.08382936592885
2024-01-27,42120.0546875,,,,,,41862.9356109399,820989861818.084,1690357356124.3972,42120.0546875,48.56901168522293
2024-01-28,42035.59375,,,,,,42119.61049464309,826254540126.2368,1700721844596.939,42035.59375,48.582579376585485
2024-01-29,43288.24609375,76.77999877929688,188.3300018310547,4927.93017578125,15628.0400390625,13.600000381469727,42026.57856232145,824240091063.3245,1696201211599.8423,43288.24609375,48.5932969170508
2024-01-30,42952.609375,77.81999969482422,188.58999633789062,4924.97021484375,15509.900390625,13.3100004196167,43267.60927638767,849198976216.4734,1743725098344.5234,42952.609375,48.70027833072398
2024-01-31,42582.60546875,75.8499984741211,188.4499969482422,4845.64990234375,15164.009765625,14.350000381469727,42892.03453014447,839294111912.5715,1727018514400.4976,42582.60546875,48.59786417541198
2024-02-01,43075.7734375,73.81999969482422,190.41000366210938,4906.18994140625,15361.6396484375,13.880000114440918,42583.26354663417,835421372330.6442,1685569255000.0718,43075.7734375,49.563159143562366
2024-02-02,43185.859375,72.27999877929688,188.61000061035156,4958.60986328125,15628.9501953125,13.850000381469727,43069.0434209368,844585195327.6586,1724291152003.6208,43185.859375,48.9815884252641
2024-02-03,42992.25,,,,,,43170.65856159975,846561992602.431,1730067353959.1013,42992.25,48.932314147489755
2024-02-04,42583.58203125,,,,,,42976.84829990829,842668526994.8004,1708596709357.666,42583.58203125,49.3193345380839
2024-02-05,42658.66796875,72.77999877929688,187.57000732421875,4942.81005859375,15597.6796875,13.670000076293945,42599.35997055978,835416357159.2295,1707216987973.1772,42658.66796875,48.93439809025348
2024-02-06,43084.671875,73.30999755859375,188.5500030517578,4954.22998046875,15609.0,13.0600004196167,42648.45692113544,836630860392.2917,1714195536471.734,43084.671875,48.80603423541159
2024-02-07,44318.22265625,73.86000061035156,188.5,4995.06005859375,15756.6396484375,12.829999923706055,43087.78740814285,845393687725.6221,1737446417929.4849,44318.22265625,48.657252333172835
2024-02-08,45301.56640625,76.22000122070312,188.3300018310547,4997.91015625,15793.7099609375,12.789999961853027,44247.415415479314,868672050077.7697,1782652682283.601,45301.56640625,48.72918088368114
2024-02-09,47147.19921875,76.83999633789062,187.60000610351562,5026.60986328125,15990.66015625,12.930000305175781,45338.27118978949,890468166608.419,1806165122687.328,47147.19921875,49.30159238616697
2024-02-10,47771.27734375,,,,,,47143.24299107112,925541926938.6152,1866523865956.3232,47771.27734375,49.58639660706449
2024-02-11,48293.91796875,,,,,,47768.995251247936,938210772985.4427,1883797236704.8591,48293.91796875,49.80423342304942
2024-02-12,49958.22265625,76.91999816894531,187.11000061035156,5021.83984375,15942.5498046875,13.930000305175781,48189.88179303987,945579645769.01,1895840303522.232,49958.22265625,49.8765451927698
2024-02-13,49742.44140625,77.87000274658203,184.52999877929688,4953.169921875,15655.599609375,15.850000381469727,50050.13609456397,981463410832.9636,1963477517456.759,49742.44140625,49.9859765190603
2024-02-14,51826.6953125,76.63999938964844,184.4199981689453,5000.6201171875,15859.150390625,14.380000114440918,49732.14536955351,974585308372.1276,1954968364853.705,51826.6953125,49.85171759774528
2024-02-15,51938.5546875,78.02999877929688,185.66000366210938,5029.72998046875,15906.169921875,14.010000228881836,51790.16929752642,1017596576729.7906,2032927090608.7583,51938.5546875,50.055733992165564
2024-02-16,52160.203125,79.19000244140625,186.33999633789062,5005.56982421875,15775.650390625,14.239999771118164,51958.23029105492,1020725811639.5323,2050314708732.8936,52160.203125,49.783860365043516
2024-02-17,51662.99609375,,,,,,52166.43430976192,1024019280535.48,2051270463498.7744,51662.99609375,49.92122193330123
2024-02-18,52122.546875,,,,,,51684.51749264525,1015778284418.9252,2036782179655.9248,52122.546875,49.871718957719935
2024-02-19,51779.14453125,,,,,,52138.48578873693,1023586119011.2284,2067199483427.472,51779.14453125,49.51559475595918
2024-02-20,52284.875,78.18000030517578,187.47000122070312,4975.509765625,15630.7802734375,15.420000076293945,51764.313185487765,1016146442771.5668,2078400749399.8672,52284.875,48.89078504542381
2024-02-21,51839.1796875,77.91000366210938,187.47999572753906,4981.7998046875,15580.8701171875,15.34000015258789,52286.79372554667,1026424315285.75,2095571587704.524,51839.1796875,48.98063713538362
2024-02-22,51304.97265625,78.61000061035156,187.55999755859375,5087.02978515625,16041.6201171875,14.539999961853027,51842.75676625642,1018869881156.3212,2074274437037.9475,51304.97265625,49.11933845220894
2024-02-23,50731.94921875,76.48999786376953,188.6199951171875,5088.7998046875,15996.8203125,13.75,51319.500125702674,1007314397269.4122,2062791744782.2527,50731.94921875,48.83257846156175
2024-02-24,51571.1015625,,,,,,50841.081094770896,999139504635.63,2040833756788.3853,51571.1015625,48.957417590345706
2024-02-25,51733.23828125,,,,,,51553.096712831146,1012485917140.1924,2080743368313.843,51733.23828125,48.659817090306206
2024-02-26,54522.40234375,77.58000183105469,188.1999969482422,5069.52978515625,15976.25,13.739999771118164,51751.88405493456,1016549456019.3264,2104818007110.23,54522.40234375,48.29631125281842
2024-02-27,57085.37109375,78.87000274658203,188.0,5078.18017578125,16035.2998046875,13.430000305175781,54478.19108312296,1071049856128.8474,2188564616647.2048,57085.37109375,48.93846167401051
2024-02-28,62504.7890625,78.54000091552734,188.33999633789062,5069.759765625,15947.740234375,13.84000015258789,57003.52673730811,1118963733317.3013,2254469784785.076,62504.7890625,49.63312175966797
2024-02-29,61198.3828125,78.26000213623047,189.30999755859375,5096.27001953125,16091.919921875,13.399999618530273,62558.58202419311,1225273849241.6978,2399339255860.8184,61198.3828125,51.06713634800688
2024-03-01,62440.6328125,79.97000122070312,192.88999938964844,5137.080078125,16274.9404296875,13.109999656677246,61298.21686110162,1206725326872.1362,2370379953175.6025,62440.6328125,50.9085189172092
2024-03-02,62029.84765625,,,,,,62426.64052919186,1227712629022.1812,2439289015944.9897,62029.84765625,50.33075707703954
2024-03-03,63167.37109375,,,,,,62067.86680212177,1219383305483.4983,2458352158383.3857,63167.37109375,49.6016529334579
2024-03-04,68330.4140625,78.73999786376953,196.00999450683594,5130.9501953125,16207.509765625,13.489999771118164,63053.10543906421,1236312176673.4497,2494345850734.556,68330.4140625,49.56458529234709
2024-03-05,63801.19921875,78.1500015258789,197.19000244140625,5078.64990234375,15939.58984375,14.460000038146973,68186.64593432152,1333913436699.1726,2642085563619.9507,63801.19921875,50.48713997254362
2024-03-06,66106.8046875,79.12999725341797,198.80999755859375,5104.759765625,16031.5400390625,14.5,64291.536557569496,1264870242318.5977,2494718043232.378,66106.8046875,50.70193185758658
2024-03-07,66925.484375,78.93000030517578,199.94000244140625,5157.35986328125,16273.3798828125,14.4399995803833,66145.91927850846,1297845751759.601,2621485154401.595,66925.484375,49.50803362668134
2024-03-08,68300.09375,78.01000213623047,201.6300048828125,5123.68994140625,16085.1103515625,14.739999771118164,66944.87639053575,1317508010581.0813,2666699652919.7373,68300.09375,49.40593925298478
2024-03-09,68498.8828125,,,,,,68315.25192078314,1340971395884.519,2711862414352.9204,68498.8828125,49.44835655331317
2024-03-10,69019.7890625,,,,,,68508.0039626159,1346027264110.4956,2732719748734.833,69019.7890625,49.25595699060124
2024-03-11,72123.90625,77.93000030517578,202.0,5117.93994140625,16019.26953125,15.220000267028809,69075.66688195744,1357390358031.5388,2740237696356.75,72123.90625,49.535496859861496
2024-03-12,71481.2890625,77.55999755859375,199.7899932861328,5175.27001953125,16265.6396484375,13.84000015258789,72130.55300765681,1417772589113.952,2857988126601.24,71481.2890625,49.607364562426895
2024-03-13,73083.5,79.72000122070312,201.19000244140625,5165.31005859375,16177.76953125,13.75,71467.17350326062,1403692914139.1924,2830685723208.364,73083.5,49.58844080183564
2024-03-14,71396.59375,81.26000213623047,200.35000610351562,5150.47998046875,16128.5302734375,14.399999618530273,73097.76702694128,1436631290571.5388,2899092338874.418,71396.59375,49.55451992016631
2024-03-15,69403.7734375,81.04000091552734,199.7100067138672,5117.08984375,15973.169921875,14.40999984741211,71420.03180142345,1403843488135.24,2845808438010.805,69403.7734375,49.33021736053724
2024-03-16,65315.1171875,,,,,,69497.7631929463,1367669237527.8738,2765386674962.223,65315.1171875,49.45670889032388
2024-03-17,68390.625,,,,,,65292.31329331289,1282404282863.459,2600319276842.908,68390.625,49.31718555809223
2024-03-18,67548.59375,82.72000122070312,200.02999877929688,5149.419921875,16103.4501953125,14.329999923706055,68425.41565643054,1344508983079.8567,2722744015562.6875,67548.59375,49.380660664201216
2024-03-19,61912.7734375,83.47000122070312,199.8000030517578,5178.509765625,16166.7900390625,13.819999694824219,67708.94360930806,1331771923948.0378,2664829646137.9966,61912.7734375,49.97587466343704
2024-03-20,67913.671875,81.68000030517578,202.17999267578125,5224.6201171875,16369.41015625,13.039999961853027,62132.51737873437,1223867418062.399,2440180573851.804,67913.671875,50.15478900114899
2024-03-21,65491.390625,81.06999969482422,201.97000122070312,5241.52978515625,16401.83984375,12.920000076293945,67819.05570684028,1332594162507.5205,2678013485592.761,65491.390625,49.76054712482373
2024-03-22,63778.76171875,80.62999725341797,200.35000610351562,5234.18017578125,16428.8203125,13.0600004196167,65535.97844847657,1287348061971.4202,2615764425274.934,63778.76171875,49.214984710869416
2024-03-23,64062.203125,,,,,,63509.04496523133,1247366367469.2778,2543381659529.448,64062.203125,49.043617295724836
2024-03-24,67234.171875,,,,,,64285.80279102199,1264722355270.5166,2562325446282.575,67234.171875,49.35838096231598
2024-03-25,69958.8125,81.94999694824219,200.99000549316406,5218.18994140625,16384.470703125,13.1899995803833,67310.98326810106,1323456466317.511,2671106101965.3247,69958.8125,49.54713200436886
2024-03-26,69987.8359375,81.62000274658203,201.63999938964844,5203.580078125,16315.7001953125,13.239999771118164,69938.94530200244,1371797489739.3416,2768518935243.101,69987.8359375,49.54986842518689
2024-03-27,69455.34375,81.3499984741211,203.10000610351562,5248.490234375,16399.51953125,12.779999732971191,70082.05122475982,1375728580463.2524,2773865878474.4067,69455.34375,49.596074242056964
2024-03-28,70744.953125,83.16999816894531,205.72000122070312,5254.35009765625,16379.4599609375,13.010000228881836,69435.75040305211,1360261687784.1018,2744104632907.473,70744.953125,49.57032875028741
2024-03-29,69892.828125,,,,,,70710.19534863312,1390869723348.0437,2792547531527.479,69892.828125,49.80648342222702
2024-03-30,69645.3046875,,,,,,69919.05546148612,1374646886107.8396,2774848448177.74,69645.3046875,49.53953024031199
2024-03-31,71333.6484375,,,,,,69702.3087473573,1370247487960.0945,2759291466930.8667,71333.6484375,49.659396420495135
2024-04-01,69702.1484375,83.70999908447266,207.82000732421875,5243.77001953125,16396.830078125,13.649999618530273,71246.95144060145,1401370211582.3662,2837692766057.777,69702.1484375,49.38414152315718
2024-04-02,65446.97265625,85.1500015258789,210.88999938964844,5205.81005859375,16240.4501953125,14.609999656677246,69785.92503802372,1373784286061.3486,2751302677395.7974,65446.97265625,49.93213932251477
2024-04-03,65980.8125,85.43000030517578,212.74000549316406,5211.490234375,16277.4599609375,14.329999923706055,65440.41922587159,1288360536576.547,2591298837589.575,65980.8125,49.71871703438803
2024-04-04,68508.84375,86.58999633789062,211.52000427246094,5147.2099609375,16049.080078125,16.350000381469727,66123.938539074,1301670235623.7266,2608190958636.7373,68508.84375,49.907014335487546
2024-04-05,67837.640625,86.91000366210938,215.13999938964844,5204.33984375,16248.51953125,16.030000686645508,68542.17715279506,1348455954443.3696,2677526176562.248,67837.640625,50.36200826894214
2024-04-06,68896.109375,,,,,,67978.61023408506,1337452583876.3916,2648952961508.298,68896.109375,50.48985781592944
2024-04-07,69362.5546875,,,,,,69000.6499164776,1358548956714.714,2690072827803.024,69362.5546875,50.50231141229874
2024-04-08,71631.359375,86.43000030517578,216.47999572753906,5202.39013671875,16253.9599609375,15.1899995803833,69401.97360911008,1367272232852.0764,2723578563210.0483,71631.359375,50.201314231251324
2024-04-09,69139.015625,85.2300033569336,217.6699981689453,5209.91015625,16306.6396484375,14.979999542236328,71624.18486236996,1410324678268.6392,2823440834759.471,69139.015625,49.95056602235423
2024-04-10,70587.8828125,86.20999908447266,215.61000061035156,5160.64013671875,16170.3603515625,15.800000190734863,69158.64381207665,1361830648708.6648,2718278031969.92,70587.8828125,50.099019772519526
2024-04-11,70060.609375,85.0199966430664,219.8000030517578,5199.06005859375,16442.19921875,14.90999984741211,70527.88997578963,1387722485989.3584,2752254035040.9136,70060.609375,50.42130807408297
2024-04-12,67195.8671875,85.66000366210938,216.88999938964844,5123.41015625,16175.08984375,17.309999465942383,70106.66413070948,1379324055321.196,2734902187072.148,67195.8671875,50.434127474146806
2024-04-13,63821.47265625,,,,,,67252.10504226631,1321648247460.1611,2567805134995.136,63821.47265625,51.469958894005586
2024-04-14,65738.7265625,,,,,,64404.82548907413,1270009515097.3306,2402455496104.68,65738.7265625,52.862977780712804
2024-04-15,63426.2109375,85.41000366210938,220.9499969482422,5061.81982421875,15885.01953125,19.229999542236328,65752.66004728881,1293286386553.3967,2501542655372.0366,63426.2109375,51.699553624483585
2024-04-16,63811.86328125,85.36000061035156,221.22000122070312,5051.41015625,15865.25,18.399999618530273,63430.5714573684,1247928896840.997,2424559328359.5034,63811.86328125,51.47033864027433
2024-04-17,61276.69140625,82.69000244140625,219.58999633789062,5022.2099609375,15683.3701171875,18.209999084472656,63720.501587480736,1253670904297.4917,2425710196409.2705,61276.69140625,51.68263324090715
2024-04-18,63512.75390625,82.7300033569336,220.33999633789062,5011.1201171875,15601.5,18.0,61328.89798860725,1207185042484.4346,2345642878905.4795,63512.75390625,51.46499722275411
2024-04-19,63843.5703125,83.13999938964844,221.02999877929688,4967.22998046875,15282.009765625,18.709999084472656,63461.59269510717,1249565911947.3347,2424224040602.1606,63843.5703125,51.544984746416056
2024-04-20,64994.44140625,,,,,,63988.818471785664,1263308149913.607,2437123021308.6675,64994.44140625,51.836043518034856
2024-04-21,64926.64453125,,,,,,64894.41869109179,1277940837359.7852,2511439720163.9453,64926.64453125,50.884790389329424
2024-04-22,66837.6796875,82.8499984741211,215.57000732421875,5010.60009765625,15451.3095703125,16.940000534057617,64936.4207567739,1279763566407.3762,2501771907511.48,66837.6796875,51.15428639057511
2024-04-23,66407.2734375,83.36000061035156,215.0399932861328,5070.5498046875,15696.6396484375,15.6899995803833,66841.66685207361,1317058642854.2856,2570872809846.3325,66407.2734375,51.230019540834824
2024-04-24,64276.8984375,82.80999755859375,214.63999938964844,5071.6298828125,15712.75,15.970000267028809,66406.95244392671,1306843409278.049,2572490324843.035,64276.8984375,50.80071231590689
2024-04-25,64481.70703125,83.56999969482422,215.9199981689453,5048.419921875,15611.759765625,15.369999885559082,64279.51812857524,1265541377860.928,2494255906278.397,64481.70703125,50.738233181101435
2024-04-26,63755.3203125,83.8499984741211,216.6199951171875,5099.9599609375,15927.900390625,15.029999732971191,64486.183359158975,1269387456067.624,2503787308485.9688,63755.3203125,50.69869360569681
2024-04-27,63419.140625,,,,,,63802.330049258766,1255539337969.4695,2467573322040.237,63419.140625,50.88154125978982
2024-04-28,63113.23046875,,,,,,63517.248743409626,1249495302303.4912,2481899672069.247,63113.23046875,50.344311511260365
2024-04-29,63841.12109375,82.62999725341797,216.17999267578125,5116.169921875,15983.080078125,14.670000076293945,63030.433616681854,1240724751365.882,2474448044499.3315,63841.12109375,50.141475151357426
2024-04-30,60636.85546875,81.93000030517578,211.8699951171875,5035.68994140625,15657.8203125,15.649999618530273,63797.67963589958,1257159131219.0603,2477307756355.3643,60636.85546875,50.746990477622504
2024-05-01,58254.01171875,79.0,213.7899932861328,5018.39013671875,15605.48046875,15.390000343322754,60749.47209216387,1197773959985.8767,2350945956539.1533,58254.01171875,50.94859610252927
2024-05-02,59123.43359375,78.94999694824219,213.1300048828125,5064.2001953125,15840.9599609375,14.680000305175781,58297.57407532549,1151677489315.1536,2306433952972.984,59123.43359375,49.933252492690976
2024-05-03,62889.8359375,78.11000061035156,212.9600067138672,5127.7900390625,16156.330078125,13.489999771118164,59135.1733607733,1164721402399.166,2327936613502.946,62889.8359375,50.032350350233976
2024-05-04,63891.47265625,,,,,,62839.34073569376,1239817041554.716,2450114098222.6,63891.47265625,50.60242061600818
2024-05-05,64031.1328125,,,,,,63820.451902924986,1257549583083.3145,2478408020391.8823,64031.1328125,50.740216007067005
2024-05-06,63161.94921875,78.4800033569336,215.1999969482422,5180.740234375,16349.25,13.489999771118164,64010.00865210892,1259667234461.2874,2488560440925.624,63161.94921875,50.61830983670029
2024-05-07,62334.81640625,78.37999725341797,214.2100067138672,5187.7001953125,16332.5595703125,13.229999542236328,63172.48129551341,1244417948315.7583,2457239064301.187,62334.81640625,50.642933623947485
2024-05-08,61187.94140625,78.98999786376953,213.5800018310547,5187.669921875,16302.759765625,13.0,62363.057191718624,1229336706399.346,2420435368466.8945,61187.94140625,50.789900131810114
2024-05-09,63049.9609375,79.26000213623047,216.9499969482422,5214.080078125,16346.259765625,12.6899995803833,61215.50400879193,1203918522476.5403,2381291194703.706,63049.9609375,50.55738353856965
2024-05-10,60792.77734375,78.26000213623047,218.7100067138672,5222.68017578125,16340.8701171875,12.550000190734863,63148.59994309703,1240910691253.6274,2447814406654.54,60792.77734375,50.69463958869318
2024-05-11,60793.7109375,,,,,,60888.21674957157,1199393711200.297,2365356372589.071,60793.7109375,50.70668103544437
2024-05-12,61448.39453125,,,,,,60776.97207917213,1197102943502.234,2366778386280.668,61448.39453125,50.57942688852465
2024-05-13,62901.44921875,79.12000274658203,216.25999450683594,5221.419921875,16388.240234375,13.600000381469727,61507.05400412135,1211277523448.5786,2381534202695.079,62901.44921875,50.86122727432713
2024-05-14,61552.7890625,78.0199966430664,218.08999633789062,5246.68017578125,16511.1796875,13.420000076293945,62878.783300729294,1238994152713.125,2414081944098.4946,61552.7890625,51.32361624020224
2024-05-15,66267.4921875,78.62999725341797,220.88999938964844,5308.14990234375,16742.390625,12.449999809265137,61569.1130057734,1212998352772.157,2358424177747.958,66267.4921875,51.432577914395374
2024-05-16,65231.58203125,79.2300033569336,220.02999877929688,5297.10009765625,16698.3203125,12.420000076293945,66220.51831432826,1307048849176.4167,2513511718724.559,65231.58203125,52.00090532458936
2024-05-17,67051.875,80.05999755859375,223.66000366210938,5303.27001953125,16685.970703125,11.989999771118164,65260.879803346186,1286278919684.0835,2473069073449.1694,67051.875,52.011443331427884
2024-05-18,66940.8046875,,,,,,67053.12326509564,1319238394090.13,2551492289172.3955,66940.8046875,51.704580871692116
2024-05-19,66278.3671875,,,,,,66912.61861403697,1319928522881.6436,2552371332532.059,66278.3671875,51.713812408801004
2024-05-20,71448.1953125,79.80000305175781,224.55999755859375,5308.1298828125,16794.869140625,12.149999618530273,66252.71259591613,1304727108597.6987,2517685276383.384,71448.1953125,51.822486346344256
2024-05-21,70136.53125,79.26000213623047,224.22999572753906,5321.41015625,16832.619140625,11.859999656677246,71430.29700215145,1406288649446.611,2751705122558.096,70136.53125,51.10608102292837
2024-05-22,69122.3359375,77.56999969482422,220.11000061035156,5307.009765625,16801.5390625,12.289999961853027,70189.8358177002,1382275470797.567,2743130264362.5933,69122.3359375,50.39044221688681
2024-05-23,67929.5625,76.87000274658203,215.72000122070312,5267.83984375,16736.029296875,12.770000457763672,69181.20085677762,1362228629448.754,2710136568424.645,67929.5625,50.26420606695085
2024-05-24,68526.1015625,77.72000122070312,215.9199981689453,5304.72021484375,16920.7890625,11.930000305175781,67906.46534276106,1336347300306.381,2679418216281.5386,68526.1015625,49.874532172172295
2024-05-25,69265.9453125,,,,,,68539.91646552991,1350764328536.3708,2682365023271.6357,69265.9453125,50.357215249133624
2024-05-26,68518.09375,,,,,,69268.44558973772,1363997851294.8164,2710202598636.336,68518.09375,50.32826151008507
2024-05-27,69394.5546875,,,,,,68508.83110875699,1349351520129.172,2698036836385.431,69394.5546875,50.01234608556727
2024-05-28,68296.21875,79.83000183105469,218.19000244140625,5306.0400390625,17019.880859375,12.920000076293945,69367.23871755725,1366931305389.0393,2741213318203.85,68296.21875,49.86592237501261
2024-05-29,67578.09375,79.2300033569336,216.16000366210938,5266.9501953125,16920.580078125,14.279999732971191,68316.63588049631,1347542673428.3018,2707025795172.9585,67578.09375,49.77945447846033
2024-05-30,68364.9921875,77.91000366210938,216.57000732421875,5235.47998046875,16737.080078125,14.470000267028809,67577.26558995963,1331734029835.3335,2668659684765.78,68364.9921875,49.902729727496734
2024-05-31,67491.4140625,76.98999786376953,215.3000030517578,5277.509765625,16735.01953125,12.920000076293945,68372.49288434093,1346147846430.124,2677635519148.375,67491.4140625,50.27375222667602
2024-06-01,67706.9375,,,,,,67474.95483698409,1331606411822.8157,2662212661565.1094,67706.9375,50.01878441371272
2024-06-02,67751.6015625,,,,,,67704.32641811523,1333649555935.3523,2675505464747.7173,67751.6015625,49.84663920546717
2024-06-03,68804.78125,74.22000122070312,217.22000122070312,5283.39990234375,16828.669921875,13.109999656677246,67740.01690222476,1335930570689.7126,2667159114711.328,68804.78125,50.08814672214646
2024-06-04,70567.765625,73.25,215.27000427246094,5291.33984375,16857.05078125,13.15999984741211,68808.29368590549,1355484820107.0864,2693986405879.7305,70567.765625,50.31520638518027
2024-06-05,71082.8203125,74.06999969482422,217.82000732421875,5354.02978515625,17187.900390625,12.630000114440918,70600.01116676089,1390853496950.4385,2760135697861.1694,71082.8203125,50.39076513622904
2024-06-06,70757.1640625,75.55000305175781,219.42999267578125,5352.9599609375,17173.119140625,12.579999923706055,71184.59943059199,1400297735227.1963,2787597416153.991,70757.1640625,50.2331408083728
2024-06-07,69342.5859375,75.52999877929688,211.60000610351562,5346.990234375,17133.130859375,12.220000267028809,70759.58819301432,1394881646977.521,2768094002203.2334,69342.5859375,50.39141177529667
2024-06-08,69305.7734375,,,,,,69325.36238847222,1366366925856.506,2687034389072.405,69305.7734375,50.850369887829814
2024-06-09,69647.9921875,,,,,,69315.1041233966,1366065699664.3162,2671623881662.063,69647.9921875,51.13241085472193
2024-06-10,69512.28125,77.73999786376953,213.5399932861328,5360.7900390625,17192.529296875,12.739999771118164,69654.16073760358,1372556186704.501,2689135476201.3022,69512.28125,51.04079726929142
2024-06-11,67332.03125,77.9000015258789,214.14999389648438,5375.31982421875,17343.55078125,12.850000381469727,69493.17760915738,1369378888543.5315,2663685674707.254,67332.03125,51.409177199334145
2024-06-12,68241.1875,78.5,214.72000122070312,5421.02978515625,17608.439453125,12.039999961853027,67329.15232724321,1327665028180.276,2568613303586.4004,68241.1875,51.688007156489334
2024-06-13,66756.3984375,78.62000274658203,212.97000122070312,5433.740234375,17667.560546875,11.9399995803833,68224.51967501991,1345244310606.6863,2619038427454.4043,66756.3984375,51.364053940751354
2024-06-14,66011.09375,78.44999694824219,215.72999572753906,5431.60009765625,17688.880859375,12.65999984741211,66700.31696564378,1317161415434.6978,2550841281874.764,66011.09375,51.63635326093821
2024-06-15,66191.0,,,,,,66011.07873713733,1301949410096.3496,2527105250665.962,66191.0,51.51939792587784
2024-06-16,66639.046875,,,,,,66190.4874891135,1304370314917.9756,2548634535657.888,66639.046875,51.179182290303295
2024-06-17,66490.296875,80.33000183105469,214.61000061035156,5473.22998046875,17857.01953125,12.75,66615.53782131766,1313849391756.9756,2571400828427.032,66490.296875,51.09469427061975
2024-06-18,65140.74609375,81.56999969482422,215.47000122070312,5487.02978515625,17862.23046875,12.300000190734863,66460.38897909952,1309329377372.7744,2527749628550.808,65140.74609375,51.79822252109003
2024-06-19,64960.296875,,,,,,65109.31481219048,1282295865979.065,2475553933251.352,64960.296875,51.79834091899256
2024-06-20,64828.65625,82.16999816894531,218.16000366210938,5473.169921875,17721.58984375,13.279999732971191,64907.07460760319,1278699763341.0725,2491049459104.8486,64828.65625,51.33176937404404
2024-06-21,64096.19921875,80.7300033569336,214.77999877929688,5464.6201171875,17689.359375,13.199999809265137,64844.67441797763,1279317116821.3782,2480955966691.6504,64096.19921875,51.56549064138953
2024-06-22,64252.578125,,,,,,64071.624284709695,1263258746635.2896,2465502992264.163,64252.578125,51.237364164591504
2024-06-23,63180.796875,,,,,,64239.90348813148,1266336092890.8738,2465597560716.3022,63180.796875,51.36021032252236
2024-06-24,60277.4140625,81.62999725341797,215.6300048828125,5447.8701171875,17496.8203125,13.329999923706055,63221.35738437477,1248188877658.2324,2417764737842.633,60277.4140625,51.625737530277206
2024-06-25,61804.640625,80.83000183105469,214.55999755859375,5469.2998046875,17717.650390625,12.84000015258789,60363.23497529626,1188964670369.4043,2348776563487.889,61804.640625,50.62059494513237
2024-06-26,60811.27734375,80.9000015258789,212.5800018310547,5477.89990234375,17805.16015625,12.550000190734863,61770.41387009536,1217935012739.8113,2402059222262.0864,60811.27734375,50.70378787717181
2024-06-27,61604.80078125,81.73999786376953,214.99000549316406,5482.8701171875,17858.6796875,12.239999771118164,60749.89619402014,1198205485427.564,2371843822638.94,61604.80078125,50.51789135485435
2024-06-28,60320.13671875,81.54000091552734,215.00999450683594,5460.47998046875,17732.599609375,12.4399995803833,61562.64532550036,1213931985719.8025,2414530955049.749,60320.13671875,50.276099512453364
2024-06-29,60887.37890625,,,,,,60317.09697945116,1189569860170.9426,2359706237106.8823,60887.37890625,50.411777596071225
2024-06-30,62678.29296875,,,,,,60864.44316193428,1199792912680.844,2369867265843.528,62678.29296875,50.627008945743256
2024-07-01,62851.98046875,83.37999725341797,215.57000732421875,5475.08984375,17879.30078125,12.220000267028809,62734.39383945474,1236676710888.4822,2428909123856.2007,62851.98046875,50.91490244497503
2024-07-02,62029.015625,82.80999755859375,215.55999755859375,5509.009765625,18028.759765625,12.029999732971191,62819.82226921849,1238799172479.871,2432380307505.398,62029.015625,50.92950179942706
2024-07-03,60173.921875,83.87999725341797,217.99000549316406,5537.02001953125,18188.30078125,12.09000015258789,62042.5650371006,1222901857941.0586,2418882191207.217,60173.921875,50.55648689243242
2024-07-04,56977.703125,,,,,,60244.68076433092,1186937170314.9272,2337224159558.9487,56977.703125,50.78405361593177
2024-07-05,56662.375,83.16000366210938,220.92999267578125,5567.18994140625,18352.759765625,12.479999542236328,57189.17412408636,1130121668991.0515,2194595798232.819,56662.375,51.49566357053418
2024-07-06,58303.5390625,,,,,,56739.86285107204,1118490666778.4585,2173616955154.9456,58303.5390625,51.457579226452395
2024-07-07,55849.109375,,,,,,58230.4841542266,1147176330416.144,2251689382355.3228,55849.109375,50.94736154132278
2024-07-08,56705.09765625,82.33000183105469,218.19000244140625,5572.85009765625,18403.740234375,12.369999885559082,55880.3753776708,1100452083927.7026,2144300677276.1096,56705.09765625,51.31985899130523
2024-07-09,58009.2265625,81.41000366210938,218.55999755859375,5576.97998046875,18429.2890625,12.510000228881836,56665.14073352028,1117615464651.686,2192606862659.1875,58009.2265625,50.97199519371407
2024-07-10,57742.49609375,82.0999984741211,219.36000061035156,5633.91015625,18647.44921875,12.850000381469727,57988.30351208401,1144794688186.9604,2235783770148.644,57742.49609375,51.203282869830026
2024-07-11,57344.9140625,82.62000274658203,223.25,5584.5400390625,18283.41015625,12.920000076293945,57704.20228446288,1139350681822.5857,2239023949044.5786,57344.9140625,50.88604265750537
2024-07-12,57899.46484375,82.20999908447266,223.11000061035156,5615.35009765625,18398.44921875,12.460000038146973,57388.19247916668,1130276546536.143,2225186596051.1025,57899.46484375,50.79468609697601
2024-07-13,59231.953125,,,,,,57899.28895749592,1141567375406.1943,2251337130632.5264,59231.953125,50.70619410454375
2024-07-14,60787.79296875,,,,,,59152.71913887286,1168371787725.7102,2294712816503.1045,60787.79296875,50.91581740961308
2024-07-15,64870.15234375,81.91000366210938,223.8300018310547,5631.22021484375,18472.5703125,13.119999885559082,60942.32773996293,1204059167828.704,2344876847192.5547,64870.15234375,51.34850340947693
2024-07-16,65097.1484375,80.76000213623047,228.2899932861328,5667.2001953125,18509.33984375,13.1899995803833,64835.48973321571,1277806993830.5176,2499452525079.902,65097.1484375,51.123475281438644
2024-07-17,64118.79296875,82.8499984741211,227.22999572753906,5588.27001953125,17996.919921875,14.479999542236328,65162.23625234354,1284899538175.1812,2498855494388.134,64118.79296875,51.419521499373445
2024-07-18,63974.06640625,82.81999969482422,225.77999877929688,5544.58984375,17871.220703125,15.930000305175781,64136.31384360687,1266016458007.3477,2465728644570.286,63974.06640625,51.34451679406037
2024-07-19,66710.15625,80.12999725341797,221.72999572753906,5505.0,17726.939453125,16.520000457763672,63959.56900809379,1261456293182.2588,2465784965562.9805,66710.15625,51.15840638172789
2024-07-20,67163.6484375,,,,,,66689.54880734957,1316147398343.7175,2551523408101.799,67163.6484375,51.582807124738984
2024-07-21,68154.5234375,,,,,,67206.06470614894,1325658979467.9998,2569605652605.118,68154.5234375,51.589977556440225
2024-07-22,67585.25,79.77999877929688,221.8000030517578,5564.41015625,18007.5703125,14.90999984741211,68088.13996324532,1343346742483.077,2606335152304.973,67585.25,51.541596302189184
2024-07-23,65927.671875,76.95999908447266,222.5800018310547,5555.740234375,17997.349609375,14.720000267028809,67607.71339918874,1333201881091.7786,2561322635713.9966,65927.671875,52.05130593476108
2024-07-24,65372.1328125,77.58999633789062,221.8000030517578,5427.1298828125,17342.41015625,18.040000915527344,65942.41746522837,1300963591115.5374,2520598370713.5366,65372.1328125,51.61328382304943
2024-07-25,65777.2265625,78.27999877929688,218.3300018310547,5399.22021484375,17181.720703125,18.459999084472656,65403.53513022529,1290447066028.3152,2485278461575.236,65777.2265625,51.923640991536836
2024-07-26,67912.0625,77.16000366210938,220.6300048828125,5459.10009765625,17357.880859375,16.389999389648438,65749.96361965332,1297125144853.139,2460680794680.3784,67912.0625,52.71407602551815
2024-07-27,67813.3359375,,,,,,67920.2964857025,1339927966898.6016,2539366197016.792,67813.3359375,52.76623625504381
2024-07-28,68255.8671875,,,,,,68055.40838968738,1342889431798.832,2535234651422.901,68255.8671875,52.96903902150182
2024-07-29,66819.9140625,75.80999755859375,220.32000732421875,5463.5400390625,17370.19921875,16.600000381469727,68242.2474440493,1346263382369.5552,2540636587775.792,66819.9140625,52.989214941131955
2024-07-30,66201.015625,74.7300033569336,222.52000427246094,5436.43994140625,17147.419921875,17.690000534057617,66770.32091848266,1317581413497.2551,2508366252400.4214,66201.015625,52.527473300056336
2024-07-31,64619.25,77.91000366210938,226.5500030517578,5522.2998046875,17599.400390625,16.360000610351562,66219.05102486102,1306758338817.987,2484932679859.7866,64619.25,52.587273265355485
2024-08-01,65357.5,76.30999755859375,225.77000427246094,5446.68017578125,17194.150390625,18.59000015258789,64679.77864703252,1275401473742.0508,2436234724558.665,65357.5,52.351337943148955
2024-08-02,61415.06640625,73.5199966430664,225.33999633789062,5346.56005859375,16776.16015625,23.389999389648438,65357.52960767435,1289157073527.528,2440471681465.3027,61415.06640625,52.82409475669454
2024-08-03,60680.09375,,,,,,61407.29547397454,1211854070245.47,2293120321787.64,60680.09375,52.84738261360612
2024-08-04,58116.9765625,,,,,,60738.7449250574,1197962170718.7737,2248752196679.2144,58116.9765625,53.27230685923655
2024-08-05,53991.45703125,72.94000244140625,222.47999572753906,5186.330078125,16200.080078125,38.56999969482422,58006.206586686734,1147854905921.6433,2143089980521.9824,53991.45703125,53.560742495845446
2024-08-06,56034.31640625,73.19999694824219,220.6999969482422,5240.02978515625,16366.849609375,27.709999084472656,53956.26184159744,1064889039013.8289,1992211977593.0327,56034.31640625,53.45259696211723
2024-08-07,55027.4609375,75.2300033569336,220.5500030517578,5199.5,16195.8095703125,27.850000381469727,55959.84107399357,1104019419316.6863,2064872266524.0483,55027.4609375,53.466717395316834
2024-08-08,61710.13671875,76.19000244140625,224.00999450683594,5319.31005859375,16660.01953125,23.790000915527344,55099.95181146735,1088566703585.4304,2027177751410.4607,61710.13671875,53.69863115496568
2024-08-09,60880.11328125,76.83999633789062,224.55999755859375,5344.16015625,16745.30078125,20.3700008392334,61859.03159904161,1218342891278.6091,2249398464560.7554,60880.11328125,54.16305338843189
2024-08-10,60945.8125,,,,,,60912.588533350805,1198300504959.2505,2216638153862.4004,60945.8125,54.059364757899765
2024-08-11,58719.484375,,,,,,60887.70861641504,1201818989571.278,2223527079397.683,58719.484375,54.05011707331359
2024-08-12,59354.515625,80.05999755859375,228.41000366210938,5344.39013671875,16780.609375,20.709999084472656,58804.23449992608,1159146815397.6223,2143832077244.8545,59354.515625,54.06891834957987
2024-08-13,60609.56640625,78.3499984741211,228.05999755859375,5434.43017578125,17187.609375,18.1200008392334,59350.07433270696,1171441797233.8909,2198106130568.116,60609.56640625,53.29323188462804
2024-08-14,58737.26953125,76.9800033569336,226.1999969482422,5455.2099609375,17192.599609375,16.190000534057617,60601.22317789727,1195798013190.8457,2225519262484.355,58737.26953125,53.73119133805978
2024-08-15,57560.09765625,78.16000366210938,226.91000366210938,5543.22021484375,17594.5,15.229999542236328,58739.19382231015,1159479277227.7532,2177211282146.1443,57560.09765625,53.25524843343723
2024-08-16,58894.10546875,76.6500015258789,231.99000549316406,5554.25,17631.720703125,14.800000190734863,57624.11692852191,1137141836825.8655,2129839403101.3003,58894.10546875,53.39096624703493
2024-08-17,59478.97265625,,,,,,58881.92579151217,1162716063850.1133,2159352360963.2236,59478.97265625,53.84559207981508
2024-08-18,58483.96484375,,,,,,59430.79163445865,1173270497431.1711,2183520948970.7285,58483.96484375,53.73296271713029
2024-08-19,59493.453125,74.37000274658203,231.61000061035156,5608.25,17876.76953125,14.649999618530273,58438.29374268541,1156217205294.1643,2160339626670.142,59493.453125,53.52015909999807
2024-08-20,59012.79296875,74.04000091552734,232.4600067138672,5597.1201171875,17816.939453125,15.880000114440918,59574.94581294088,1176063402361.815,2196063770401.1675,59012.79296875,53.5532445921175
2024-08-21,61175.19140625,71.93000030517578,232.14999389648438,5620.85009765625,17918.990234375,16.270000457763672,59060.12610074137,1166088863323.0896,2182734349394.3752,61175.19140625,53.423306580877984
2024-08-22,60381.9140625,73.01000213623047,229.3699951171875,5570.64013671875,17619.349609375,17.549999237060547,61144.68762866613,1207099049402.5117,2244981134767.5776,60381.9140625,53.76878365294069
2024-08-23,64094.35546875,74.83000183105469,232.02000427246094,5634.60986328125,17877.7890625,15.859999656677246,60387.54062321362,1192308382713.838,2235371491554.642,64094.35546875,53.33826557323672
2024-08-24,64178.9921875,,,,,,64049.68561555576,1261916434075.0183,2359090681364.55,64178.9921875,53.491645914395214
2024-08-25,64333.54296875,,,,,,64157.1606134782,1264961887998.9824,2366807542626.262,64333.54296875,53.44591248831971
2024-08-26,62880.66015625,77.41999816894531,232.75999450683594,5616.83984375,17725.76953125,16.149999618530273,64265.81631272862,1269291077270.1145,2357294058726.541,62880.66015625,53.8452584042829
2024-08-27,59504.1328125,75.52999877929688,233.38999938964844,5625.7998046875,17754.8203125,15.430000305175781,62922.58634676265,1242487823611.2612,2299326901529.0425,59504.1328125,54.03702373877381
2024-08-28,59027.625,74.5199966430664,231.75,5592.18017578125,17556.029296875,17.110000610351562,59526.560879590994,1176762244308.0742,2177931382010.5027,59027.625,54.03119005621636
2024-08-29,59388.1796875,75.91000366210938,232.9499969482422,5591.9599609375,17516.4296875,15.649999618530273,59015.29633887944,1166032395735.947,2174964802589.8352,59388.1796875,53.61155244202095
2024-08-30,59119.4765625,73.55000305175781,231.2899932861328,5648.39990234375,17713.619140625,15.0,59351.5794909728,1171762256043.917,2180330110541.573,59119.4765625,53.742424157636506
2024-08-31,58969.8984375,,,,,,59156.24603646356,1168247205700.9673,2173325941374.0452,58969.8984375,53.75388861195687
2024-09-01,57325.48828125,,,,,,58960.23658664587,1164278309271.2642,2163131828676.8225,57325.48828125,53.823733432994125
2024-09-02,59112.48046875,,,,,,57357.71617282246,1133133027660.6194,2099511893753.862,59112.48046875,53.97126022632873
2024-09-03,57431.0234375,70.33999633789062,230.2899932861328,5528.93017578125,17136.30078125,20.719999313354492,59108.73235863689,1168410293915.9832,2166817587657.3408,57431.0234375,53.92287290686117
2024-09-04,57971.5390625,69.19999694824219,230.42999267578125,5520.06982421875,17084.30078125,21.31999969482422,57504.53858622044,1137361604370.578,2099701297362.5295,57971.5390625,54.16778118864989
2024-09-05,56160.48828125,69.1500015258789,232.35000610351562,5503.41015625,17127.66015625,19.899999618530273,57987.84601410068,1144983177152.221,2117737178059.0469,56160.48828125,54.06634916810704
2024-09-06,53948.75390625,67.66999816894531,230.6300048828125,5408.419921875,16690.830078125,22.3799991607666,56132.4047320886,1109212553022.4158,2063169801226.4236,53948.75390625,53.76254307149413
2024-09-07,54139.6875,,,,,,53923.35611071905,1065462041080.5197,1986075121834.078,54139.6875,53.64661333135269
2024-09-08,54841.56640625,,,,,,54150.9383589072,1068954727890.204,2004566522904.2048,54841.56640625,53.325979241711984
2024-09-09,57019.53515625,68.70999908447266,231.60000610351562,5471.0498046875,16884.599609375,19.450000762939453,54792.40755768575,1085390277573.522,2031366829689.1316,57019.53515625,53.43152510468154
2024-09-10,57648.7109375,65.75,232.6199951171875,5495.52001953125,17025.880859375,19.079999923706055,57049.11875114327,1126840069631.8132,2100495027499.9287,57648.7109375,53.64640500829996
2024-09-11,57343.171875,67.30999755859375,232.25,5554.1298828125,17395.529296875,17.690000534057617,57624.16178336144,1137928777838.5286,2122853143325.6409,57343.171875,53.603744630957394
2024-09-12,58127.01171875,68.97000122070312,236.3300018310547,5595.759765625,17569.6796875,17.06999969482422,57381.76444500048,1134292554478.847,2104859818645.9587,58127.01171875,53.88922076571014
2024-09-13,60571.30078125,68.6500015258789,238.67999267578125,5626.02001953125,17683.98046875,16.559999465942383,58106.95122981528,1148469900814.253,2136380626443.6785,60571.30078125,53.75773804530567
2024-09-14,60005.12109375,,,,,,60620.62747295754,1197832322916.0117,2208246500658.981,60005.12109375,54.24359656218437
2024-09-15,59182.8359375,,,,,,60003.29940083042,1185255944124.8464,2190813773926.8413,59182.8359375,54.101172734566994
2024-09-16,58192.5078125,70.08999633789062,238.66000366210938,5633.08984375,17592.130859375,17.139999389648438,59214.80226801806,1169677517083.0613,2148552379630.5688,58192.5078125,54.44026071564429
2024-09-17,60308.5390625,71.19000244140625,237.33999633789062,5634.580078125,17628.060546875,17.610000610351562,58211.123231286256,1150499194409.9338,2117082212091.608,60308.5390625,54.34362387246541
2024-09-18,61649.6796875,70.91000366210938,235.50999450683594,5618.259765625,17573.30078125,18.229999542236328,60317.0319794625,1191818552363.611,2174353106955.6404,61649.6796875,54.812557746533756
2024-09-19,62940.45703125,71.94999694824219,239.1699981689453,5713.64013671875,18013.98046875,16.329999923706055,61440.41208494509,1211837853548.9265,2218264284040.026,62940.45703125,54.630003389039835
2024-09-20,63192.9765625,71.91999816894531,242.2100067138672,5702.5498046875,17948.3203125,16.149999618530273,62966.52931910512,1243871590271.493,2270535028368.2256,63192.9765625,54.783193156259344
2024-09-21,63394.83984375,,,,,,63128.224540748255,1246475981189.1353,2297985913999.4136,63394.83984375,54.24210712500709
2024-09-22,63648.7109375,,,,,,63403.40234925936,1254104417392.48,2320569375133.292,63648.7109375,54.04296164687794
2024-09-23,63329.80078125,70.37000274658203,242.67999267578125,5718.56982421875,17974.26953125,15.890000343322754,63582.59956924825,1255899286380.1958,2313756684521.726,63329.80078125,54.279661071613546
2024-09-24,64301.96875,71.55999755859375,246.07000732421875,5732.93017578125,18074.51953125,15.390000343322754,63327.02654450202,1251095079247.0432,2326850111036.408,64301.96875,53.76775552980462
2024-09-25,63143.14453125,69.69000244140625,245.72999572753906,5722.259765625,18082.2109375,15.40999984741211,64334.14274876097,1271183646356.5713,2359305830319.501,63143.14453125,53.8795619465928
2024-09-26,65181.01953125,67.66999816894531,246.97999572753906,5745.3701171875,18190.2890625,15.369999885559082,63151.89959401337,1245721254991.302,2318016468723.0933,65181.01953125,53.740828497112545
2024-09-27,65790.6640625,68.18000030517578,245.02000427246094,5738.169921875,18119.58984375,16.959999084472656,65130.76884023231,1287151352432.846,2388831282789.241,65790.6640625,53.88205360949332
2024-09-28,65887.6484375,,,,,,65791.00212541742,1299708226182.0725,2422827081266.1416,65887.6484375,53.64428341715827
2024-09-29,65635.3046875,,,,,,65934.10709441357,1303217687717.8518,2417511856913.7485,65635.3046875,53.907395903388434
2024-09-30,63329.5,68.16999816894531,243.05999755859375,5762.47998046875,18189.169921875,16.729999542236328,65663.68986662335,1297825615076.3352,2411084769844.1504,63329.5,53.82745689029528
2024-10-01,60837.0078125,69.83000183105469,245.61000061035156,5708.75,17910.359375,19.260000228881836,63243.27532464382,1249577803402.171,2333118454680.0933,60837.0078125,53.558266657897036
2024-10-02,60632.78515625,70.0999984741211,245.66000366210938,5709.5400390625,17925.119140625,18.899999618530273,60872.66854372554,1202927109017.5488,2233437390739.1577,60632.78515625,53.85989837930667
2024-10-03,60759.40234375,73.70999908447266,245.49000549316406,5699.93994140625,17918.48046875,20.489999771118164,60655.55979196848,1198652098493.4895,2206534566841.396,60759.40234375,54.32283348315421
2024-10-04,62067.4765625,74.37999725341797,245.0,5751.06982421875,18137.849609375,19.209999084472656,60727.86395169296,1200491237695.5154,2201800998879.5347,62067.4765625,54.5231489270115
2024-10-05,62089.94921875,,,,,,62103.01047283253,1226663492771.043,2256956845585.924,62089.94921875,54.3503299662157
2024-10-06,62818.953125,,,,,,62091.932585194016,1226761949791.163,2256190432054.051,62818.953125,54.37315628868752
2024-10-07,62236.66015625,77.13999938964844,244.1699981689453,5695.93994140625,17923.900390625,22.639999389648438,62811.79972811266,1241834324867.657,2285612691940.844,62236.66015625,54.332666651984006
2024-10-08,62131.96875,73.56999969482422,242.3699951171875,5751.1298828125,18182.919921875,21.420000076293945,62287.39010510681,1231091696620.0957,2265205143374.8364,62131.96875,54.34791194169472
2024-10-09,60582.1015625,73.23999786376953,241.0500030517578,5792.0400390625,18291.619140625,20.860000610351562,62185.230423727575,1229717180592.4397,2265692885615.493,60582.1015625,54.27554583411147
2024-10-10,60274.5,75.8499984741211,242.82000732421875,5780.0498046875,18282.05078125,20.93000030517578,60597.15045618275,1197736450280.4102,2212791310100.406,60274.5,54.12785402822568
2024-10-11,62445.08984375,75.55999755859375,245.47000122070312,5815.02978515625,18342.939453125,20.459999084472656,60195.18073772453,1189691671375.1472,2209763722149.846,62445.08984375,53.83795830523066
2024-10-12,63193.0234375,,,,,,62392.34048293159,1233357176570.333,2278790173237.0625,63193.0234375,54.12333224249106
2024-10-13,62851.375,,,,,,63207.77062127557,1249002272717.2275,2308247269873.5176,62851.375,54.11041914871052
2024-10-14,66046.125,73.83000183105469,245.07000732421875,5859.85009765625,18502.689453125,19.700000762939453,62829.533686088886,1241241970951.0295,2297048460565.243,66046.125,54.03638592133109
2024-10-15,67041.109375,70.58000183105469,245.9199981689453,5815.259765625,18315.58984375,20.639999389648438,66049.99492708022,1306085613997.8015,2406724858961.133,67041.109375,54.26817316216095
2024-10-16,67612.71875,70.38999938964844,247.14999389648438,5842.47021484375,18367.080078125,19.579999923706055,66962.21994496793,1323774576161.621,2416733585732.765,67612.71875,54.775362248307005
2024-10-17,67399.8359375,70.66999816894531,248.6300048828125,5841.47021484375,18373.609375,19.110000610351562,67647.54414766871,1337304399194.887,2426756367511.4204,67399.8359375,55.10666077148322
2024-10-18,68418.7890625,69.22000122070312,251.27000427246094,5864.669921875,18489.55078125,18.030000686645508,67328.10527002988,1330387728623.8188,2411727558856.152,68418.7890625,55.163267664229984
2024-10-19,68362.734375,,,,,,68465.61920668735,1353541799303.4875,2452946860172.242,68362.734375,55.1802332647534
2024-10-20,69001.703125,,,,,,68388.87128965274,1351942347611.1997,2455046343284.846,69001.703125,55.06789520731833
2024-10-21,67367.8515625,70.55999755859375,251.22000122070312,5853.97998046875,18540.009765625,18.3700008392334,68962.82918045693,1362381684459.9053,2497268065552.143,67367.8515625,54.554883524636125
2024-10-22,67361.40625,72.08999633789062,253.92999267578125,5851.2001953125,18579.76953125,18.200000762939453,67394.85775735618,1332326858574.4448,2440464522394.098,67361.40625,54.59316643814313
2024-10-23,66432.1953125,70.7699966430664,250.8699951171875,5797.419921875,18276.650390625,19.239999771118164,67351.04793512498,1331426858508.4004,2433650125253.477,66432.1953125,54.7090497805113
2024-10-24,68161.0546875,70.19000244140625,252.8000030517578,5809.85986328125,18415.490234375,19.079999923706055,66683.96806542306,1318285437546.2786,2396894674356.389,68161.0546875,54.99972325234786
2024-10-25,66642.4140625,71.77999877929688,253.32000732421875,5808.1201171875,18518.609375,20.329999923706055,68214.05205157402,1347888109010.5889,2438941310165.6475,66642.4140625,55.26529496189654
2024-10-26,67014.6953125,,,,,,66585.66535501445,1313975091942.221,2358830621371.2246,67014.6953125,55.70451222896145
2024-10-27,67929.296875,,,,,,67018.1650170265,1325192118637.2595,2384073927949.037,67929.296875,55.58519402866383
2024-10-28,69907.7578125,67.37999725341797,253.3300018310547,5823.52001953125,18567.189453125,19.799999237060547,67938.55412885673,1343350549900.1233,2415672510494.5933,69907.7578125,55.609795784159544
2024-10-29,72720.4921875,67.20999908447266,256.0899963378906,5832.919921875,18712.75,19.34000015258789,69845.304531169,1380874923096.4146,2471930927576.5063,72720.4921875,55.86219694456557
2024-10-30,72339.5390625,68.61000061035156,257.5,5813.669921875,18607.9296875,20.350000381469727,72781.11308158132,1439310420089.3665,2552185544878.1724,72339.5390625,56.39521088025249
2024-10-31,70215.1875,69.26000213623047,253.50999450683594,5705.4501953125,18095.150390625,23.15999984741211,72342.62171127986,1431085552900.1963,2541578796031.82,70215.1875,56.306952006939845
2024-11-01,69482.46875,69.48999786376953,252.47000122070312,5728.7998046875,18239.919921875,21.8799991607666,70264.99735573279,1390195908292.932,2455620872007.724,69482.46875,56.612807137296514
2024-11-02,69289.2734375,,,,,,69507.92256395647,1374687306836.925,2437848060473.493,69289.2734375,56.38937590597526
2024-11-03,68741.1171875,,,,,,69299.16036699413,1370516856365.7996,2424383116594.37,68741.1171875,56.53053954158123
2024-11-04,67811.5078125,71.47000122070312,252.8300018310547,5712.68994140625,18179.98046875,21.979999542236328,68803.50626277467,1362302032218.0198,2393862685467.096,67811.5078125,56.90811091581905
2024-11-05,69359.5625,71.98999786376953,253.39999389648438,5782.759765625,18439.169921875,20.489999771118164,67793.29782704762,1340192510479.9568,2358423171036.417,69359.5625,56.82578626850094
2024-11-06,75639.078125,71.69000244140625,245.6999969482422,5929.0400390625,18983.470703125,16.270000457763672,69335.42553133758,1370963795352.6948,2413865913329.6685,75639.078125,56.79535834124264
2024-11-07,75904.859375,72.36000061035156,249.64999389648438,5973.10009765625,19269.4609375,15.199999809265137,75620.88606963192,1496392703840.9058,2633721969774.309,75904.859375,56.81665418803246
2024-11-08,76545.4765625,70.37999725341797,247.9600067138672,5995.5400390625,19286.779296875,14.9399995803833,75987.24178320667,1502620808927.6982,2675628891756.0186,76545.4765625,56.15953742903136
2024-11-09,76778.8671875,,,,,,76550.0213845611,1514048743889.1255,2708587069169.151,76778.8671875,55.89810130613798
2024-11-10,80474.1875,,,,,,76630.22631415377,1519470275068.1016,2760270288838.6714,80474.1875,55.0478799562556
2024-11-11,88701.484375,68.04000091552734,242.13999938964844,6001.35009765625,19298.759765625,14.970000267028809,80466.71654833542,1590846468754.067,2880908214735.924,88701.484375,55.220310755366796
2024-11-12,87955.8125,68.12000274658203,240.0500030517578,5983.990234375,19281.400390625,14.710000038146973,88637.42000322911,1756619702929.0437,3123282602204.5176,87955.8125,56.24273966400487
2024-11-13,90584.1640625,68.43000030517578,237.6300048828125,5985.3798828125,19230.720703125,14.020000457763672,88264.59974582895,1741113172482.1245,3077446724918.7817,90584.1640625,56.57654959170982
2024-11-14,87250.4296875,68.69999694824219,237.00999450683594,5949.169921875,19107.650390625,14.3100004196167,90488.10007497849,1790737763695.3328,3121937027980.4453,87250.4296875,57.35982973537893
2024-11-15,91066.0078125,67.0199966430664,236.58999633789062,5870.6201171875,18680.119140625,16.139999389648438,87407.51273710128,1726797438787.217,3023974954341.3027,91066.0078125,57.103562855511704
2024-11-16,90558.4765625,,,,,,90947.97509443705,1799276211921.9302,3145952407550.669,90558.4765625,57.19337036388244
2024-11-17,89845.8515625,,,,,,90606.45489380708,1790415769635.493,3173893495823.092,89845.8515625,56.41070729032705
2024-11-18,90542.640625,69.16000366210938,241.08999633789062,5893.6201171875,18791.810546875,15.579999923706055,89841.47194135105,1776887033229.9082,3148316766937.544,90542.640625,56.43927103810257
2024-11-19,92343.7890625,69.38999938964844,243.25,5916.97998046875,18987.470703125,16.350000381469727,90534.62459650292,1790917617392.441,3206790933950.2017,92343.7890625,55.847657495599364
2024-11-20,94339.4921875,68.87000274658203,244.6199951171875,5917.10986328125,18966.140625,17.15999984741211,92251.65240738312,1825195454018.501,3227075421471.7,94339.4921875,56.55880993280674
2024-11-21,98504.7265625,70.0999984741211,246.66000366210938,5948.7099609375,18972.419921875,16.8700008392334,94217.02229634204,1862618759426.145,3245237194221.81,98504.7265625,57.395458265502555
2024-11-22,98997.6640625,71.23999786376953,249.83999633789062,5969.33984375,19003.650390625,15.239999771118164,98509.11859102432,1948284556982.0488,3410842610168.169,98997.6640625,57.12033006665148
2024-11-23,97777.28125,,,,,,98927.494945534,1958091000957.8345,3459324048840.335,97777.28125,56.60328356963965
2024-11-24,98013.8203125,,,,,,97679.46381643032,1931255637661.502,3479595444407.884,98013.8203125,55.50230388895512
2024-11-25,93102.296875,68.94000244140625,242.47999572753906,5987.3701171875,19054.83984375,14.600000381469727,98015.9355289458,1939446484727.4285,3487910710656.58,93102.296875,55.604820352822
2024-11-26,91985.3203125,68.7699966430664,242.9499969482422,6021.6298828125,19174.30078125,14.100000381469727,93004.70093103289,1838788677873.8655,3357202098078.9536,91985.3203125,54.77146219246231
2024-11-27,95962.53125,68.72000122070312,243.49000549316406,5998.740234375,19060.48046875,14.100000381469727,91931.83077291829,1819990514406.088,3315962602083.4927,95962.53125,54.88573704849831
2024-11-28,95652.46875,,,,,,95981.18057210564,1899088665519.225,3490771059347.8843,95652.46875,54.40312851321726
2024-11-29,97461.5234375,68.0,245.58999633789062,6032.3798828125,19218.169921875,13.510000228881836,95661.59595817851,1892297852304.72,3476930477122.048,97461.5234375,54.4243799165932
2024-11-30,96449.0546875,,,,,,97453.2473451042,1926826079390.244,3562646783857.3867,96449.0546875,54.08411768802998
2024-12-01,97279.7890625,,,,,,96513.14234698223,1910022814269.8853,3575729366748.167,97279.7890625,53.416313662655476
2024-12-02,95865.3046875,68.0999984741211,243.44000244140625,6047.14990234375,19403.94921875,13.34000015258789,97311.70719084324,1925808416477.5068,3628870942725.061,95865.3046875,53.06907980120511
2024-12-03,96002.1640625,69.94000244140625,243.92999267578125,6049.8798828125,19480.91015625,13.300000190734863,95833.1362300365,1896576914275.523,3628535116883.402,96002.1640625,52.268390774305594
2024-12-04,98768.53125,68.54000091552734,244.6699981689453,6086.490234375,19735.119140625,13.449999809265137,96031.63097759832,1900922167493.3645,3676915781941.928,98768.53125,51.698822606413096
2024-12-05,96593.5703125,68.30000305175781,242.86000061035156,6075.10986328125,19700.259765625,13.539999961853027,98881.4694561823,1957276192604.2605,3757892233788.413,96593.5703125,52.084415167783774
2024-12-06,99920.7109375,67.19999694824219,242.9499969482422,6090.27001953125,19859.76953125,12.770000457763672,97201.5003640774,1920742551503.6091,3711756189643.954,99920.7109375,51.74754087735095
2024-12-07,99923.3359375,,,,,,99973.85150659826,1978389972043.795,3843052482676.4185,99923.3359375,51.47965012088475
2024-12-08,101236.015625,,,,,,99781.82999198174,1974739091620.7544,3860704889483.065,101236.015625,51.14970317985546
2024-12-09,97432.71875,68.37000274658203,245.36000061035156,6052.85009765625,19736.689453125,14.1899995803833,101235.3717025316,2003238967638.8289,3895565983701.116,97432.71875,51.42356658879085
2024-12-10,96675.4296875,68.58999633789062,248.58999633789062,6034.91015625,19687.240234375,14.180000305175781,97353.94700820888,1926047690157.628,3635470559025.408,96675.4296875,52.97932300334624
2024-12-11,101173.03125,70.29000091552734,250.9600067138672,6084.18994140625,20034.890625,13.579999923706055,96649.71446771533,1913115778728.284,3601447218292.508,101173.03125,53.12075015319304
2024-12-12,100043.0,70.0199966430664,247.27999877929688,6051.25,19902.83984375,13.920000076293945,101123.61811033696,2001746436338.842,3784372616494.371,100043.0,52.89506714043256
2024-12-13,101459.2578125,71.29000091552734,244.2899932861328,6051.08984375,19926.720703125,13.8100004196167,100000.80836535196,1979166149963.309,3774603645812.963,101459.2578125,52.43374763754943
2024-12-14,101372.96875,,,,,,101352.22971292294,2005406021235.836,3820922539590.965,101372.96875,52.48486459635262
2024-12-15,104298.6953125,,,,,,101367.01064553364,2007646386698.8667,3785812598666.916,104298.6953125,53.03079152427702
2024-12-16,106029.71875,70.70999908447266,244.8800048828125,6074.080078125,20173.890625,14.6899995803833,104721.50151808978,2075487816560.1924,3873876620897.994,106029.71875,53.57650797043399
2024-12-17,106140.6015625,70.08000183105469,243.94000244140625,6050.60986328125,20109.060546875,15.869999885559082,106074.10723541168,2097460193710.789,3908008997404.4814,106140.6015625,53.67081281296498
2024-12-18,100041.5390625,70.58000183105469,239.25999450683594,5872.16015625,19392.689453125,27.6200008392334,106034.913402645,2100629850064.912,3882449728738.5874,100041.5390625,54.10578363747183
2024-12-19,97490.953125,69.91000366210938,239.60000610351562,5867.080078125,19372.76953125,24.09000015258789,100355.5761481501,1985284833093.572,3634483491419.318,97490.953125,54.62357547587291
2024-12-20,97755.9296875,69.45999908447266,242.10000610351562,5930.85009765625,19572.599609375,18.360000610351562,97851.35377075804,1937022229972.2085,3502435240690.711,97755.9296875,55.305011994746
2024-12-21,97224.7265625,,,,,,97691.43431692652,1932373308116.0107,3541763733715.972,97224.7265625,54.559633374770314
2024-12-22,95104.9375,,,,,,97202.82496847631,1922768195068.165,3477679194571.7,95104.9375,55.28883164581162
2024-12-23,94686.2421875,69.23999786376953,240.9600067138672,5974.06982421875,19764.880859375,16.780000686645508,95094.27394862172,1884599149192.4587,3417196630158.1875,94686.2421875,55.15044503322063
2024-12-24,98676.09375,70.0999984741211,241.44000244140625,6040.0400390625,20031.130859375,14.270000457763672,94644.9108546432,1874912975786.6604,3477679948101.748,98676.09375,53.91275228791713
2024-12-25,99299.1953125,,,,,,98695.714007826,1951173788529.116,3598100514577.648,99299.1953125,54.227884424683694
2024-12-26,95795.515625,69.62000274658203,243.07000732421875,6037.58984375,20020.359375,14.729999542236328,99344.95417367227,1966481159354.1177,3602293192652.8423,95795.515625,54.589703119249414
2024-12-27,94164.859375,70.5999984741211,241.39999389648438,5970.83984375,19722.029296875,15.949999809265137,95678.31244565404,1894744251986.1084,3460306774747.8403,94164.859375,54.756539674843786
2024-12-28,95163.9296875,,,,,,94331.94727053076,1867708753554.924,3425028664759.3525,95163.9296875,54.53118605318744
2024-12-29,93530.2265625,,,,,,95184.61945288602,1885556552231.4316,3485220362416.1924,93530.2265625,54.10150166011986
2024-12-30,92643.2109375,70.98999786376953,240.6300048828125,5906.93994140625,19486.7890625,17.399999618530273,93663.44751964069,1854872605738.8088,3412275568013.6094,92643.2109375,54.35881624351304
2024-12-31,93429.203125,71.72000122070312,242.1300048828125,5881.6298828125,19310.7890625,17.350000381469727,92627.28213113276,1833188187477.531,3393595055715.5464,93429.203125,54.01906112486953
2025-01-01,94419.7578125,,,,,,93507.85874741492,1851839954625.13,3399972825597.592,94419.7578125,54.46631633885614
2025-01-02,96886.875,73.12999725341797,245.4199981689453,5868.5498046875,19280.7890625,17.93000030517578,94384.1761153871,1869193319140.2424,3463957364872.248,96886.875,53.961210322494225
2025-01-03,98107.4296875,73.95999908447266,243.49000549316406,5942.47021484375,19621.6796875,16.1299991607666,96852.14681235077,1917905016063.62,3559312190121.551,98107.4296875,53.884147094108194
2025-01-04,98236.2265625,,,,,,98084.34279280754,1942834829349.9563,3654977875081.9297,98236.2265625,53.15585745663114
2025-01-05,98314.9609375,,,,,,98256.73876849932,1946611205641.351,3669808689208.274,98314.9609375,53.04394235497093
2025-01-06,102078.0859375,73.55999755859375,243.19000244140625,5975.3798828125,19864.98046875,16.040000915527344,98364.58946599838,1948339898718.8584,3662437227227.171,102078.0859375,53.19790559779629
2025-01-07,96922.703125,74.25,244.55999755859375,5909.02978515625,19489.6796875,17.81999969482422,102229.39453189744,2024825178619.8228,3762217808974.941,96922.703125,53.819988140758646
2025-01-08,95043.5234375,73.31999969482422,245.86000061035156,5918.25,19478.880859375,17.700000762939453,96952.09886774956,1919133187081.3127,3533549276785.076,95043.5234375,54.3117708783559
2025-01-09,92484.0390625,73.91999816894531,,,,,95016.71440989176,1885313354913.724,3473935809479.0537,92484.0390625,54.27024154474641
2025-01-10,94701.453125,76.56999969482422,248.2100067138672,5827.0400390625,19161.630859375,19.540000915527344,92376.275783461,1832933628117.944,3372194868457.131,94701.453125,54.35432113555644
2025-01-11,94566.59375,,,,,,94736.6267420969,1876836759923.398,3446568860489.1167,94566.59375,54.45522303178496
2025-01-12,94488.4375,,,,,,94559.55167224212,1874286243377.8523,3464211653229.092,94488.4375,54.104264721550024
2025-01-13,94516.5234375,78.81999969482422,245.74000549316406,5836.22021484375,19088.099609375,19.190000534057617,94454.77089638809,1870314882306.924,3443826305683.3643,94516.5234375,54.30921063644626
2025-01-14,96534.046875,77.5,247.02999877929688,5842.91015625,19044.390625,18.709999084472656,94456.3493746993,1870609367804.8225,3411192002487.5054,96534.046875,54.83741068930564
2025-01-15,100504.4921875,80.04000091552734,248.8800048828125,5949.91015625,19511.23046875,16.1200008392334,96574.07768799194,1912603332624.1123,3503964295196.3345,100504.4921875,54.58398463837501
2025-01-16,99756.90625,78.68000030517578,250.60000610351562,5937.33984375,19338.2890625,16.600000381469727,100313.15239828422,1986831430651.8647,3689373902245.4775,99756.90625,53.85280763878695
2025-01-17,104462.0390625,77.87999725341797,249.27000427246094,5996.66015625,19630.19921875,15.970000267028809,100044.57926776377,1980935754458.284,3658910347440.6177,104462.0390625,54.140046252948906
2025-01-18,104408.0703125,,,,,,104160.69358484232,2063854663834.0771,3810895650848.995,104408.0703125,54.15668265212902
2025-01-19,101089.609375,,,,,,104334.61575724394,2067151195362.0425,3787147152067.12,101089.609375,54.58333442981584
2025-01-20,102016.6640625,,,,,,101275.33714814208,2014842808849.5005,3621158958696.6255,102016.6640625,55.64082747625939
2025-01-21,106146.265625,75.88999938964844,253.1300048828125,6049.240234375,19756.779296875,15.0600004196167,101764.90860170544,2017837068202.1384,3664660670362.762,106146.265625,55.06204393004261
2025-01-22,103653.0703125,75.44000244140625,254.42999267578125,6086.3701171875,20009.33984375,15.100000381469727,106182.2368201815,2098829000928.49,3792118023787.5454,103653.0703125,55.34714341069458
2025-01-23,103960.171875,74.62000274658203,254.07000732421875,6118.7099609375,20053.6796875,15.020000457763672,103673.53509537788,2054288661793.9773,3720972791868.8574,103960.171875,55.20837632253182
2025-01-24,104819.484375,74.66000366210938,255.64999389648438,6101.240234375,19954.30078125,14.850000381469727,104067.60991206949,2062360759045.0,3732339522120.517,104819.484375,55.25651529883531
2025-01-25,104714.6484375,,,,,,104835.19253555956,2076156720642.786,3738823349741.885,104714.6484375,55.52968210670121
2025-01-26,102682.5,,,,,,104796.04077738234,2077647817531.3408,3742062737516.2246,102682.5,55.521458705162416
2025-01-27,102087.6875,73.16999816894531,252.99000549316406,6012.27978515625,19341.830078125,17.899999618530273,102552.24874280208,2036324005947.406,3659298934054.049,102087.6875,55.64792717525846
2025-01-28,101332.4765625,73.7699966430664,255.17999267578125,6067.7001953125,19733.58984375,16.40999984741211,101958.46953745594,2019295541213.5288,3628593667686.85,101332.4765625,55.6495360501686
2025-01-29,103703.2109375,72.62000274658203,254.1999969482422,6039.31005859375,19632.3203125,16.559999465942383,101313.11264498268,2007072201507.5276,3568794672439.99,103703.2109375,56.23949780599984
2025-01-30,104735.3046875,72.7300033569336,258.04998779296875,6071.169921875,19681.75,15.84000015258789,103718.97939813643,2056581551171.7,3636021087799.842,104735.3046875,56.5613207820018
2025-01-31,102405.0234375,72.52999877929688,258.55999755859375,6040.52978515625,19627.439453125,16.43000030517578,104781.5135100103,2076760153260.6191,3708652702995.7954,102405.0234375,55.99769834428127
2025-02-01,100655.90625,,,,,,102382.39409722164,2028504133577.489,3658068731160.269,100655.90625,55.452870972549675
2025-02-02,97688.9765625,,,,,,100674.78762544956,1996423711261.7268,3539446207716.108,97688.9765625,56.40497394506119
2025-02-03,101405.421875,73.16000366210938,259.94000244140625,5994.56982421875,19391.9609375,18.6200008392334,97568.31653024876,1933691439792.2544,3361537954692.516,101405.421875,57.52401031477068
2025-02-04,97871.8203125,72.69999694824219,262.5,6037.8798828125,19654.01953125,17.209999084472656,101466.8606657039,2011121374511.8835,3472947948965.6885,97871.8203125,57.90819223509626
2025-02-05,96615.4453125,71.02999877929688,264.1300048828125,6061.47998046875,19692.330078125,15.770000457763672,98118.43921664466,1943535291172.16,3336043966090.866,96615.4453125,58.25868336650161
2025-02-06,96593.296875,70.61000061035156,263.42999267578125,6083.56982421875,19791.990234375,15.5,96582.88682919052,1912584628590.309,3295596672353.209,96593.296875,58.034547875199635
2025-02-07,96529.0859375,71.0,263.8999938964844,6025.990234375,19523.400390625,16.540000915527344,96635.41875332213,1915093756057.564,3260703684324.2847,96529.0859375,58.73252958446694
2025-02-08,96482.453125,,,,,,96558.4563096667,1911296376425.356,3255993465434.418,96482.453125,58.70086647026943
2025-02-09,96500.09375,,,,,,96558.23762501092,1914211835440.1184,3277116482966.319,96500.09375,58.41146768476927
2025-02-10,97437.5546875,72.31999969482422,268.3699951171875,6066.43994140625,19714.26953125,15.8100004196167,96548.57865379583,1913068773356.083,3274116259620.95,97437.5546875,58.430080719783675
2025-02-11,95747.4296875,73.31999969482422,267.3900146484375,6068.5,19643.859375,16.020000457763672,97399.98161383196,1930742951090.367,3310496047516.857,95747.4296875,58.32186244531488
2025-02-12,97885.859375,71.37000274658203,267.6700134277344,6051.97021484375,19649.94921875,15.890000343322754,95739.9773707924,1898788887978.3247,3270860103455.056,97885.859375,58.05166922219043
2025-02-13,96623.8671875,71.29000091552734,270.30999755859375,6115.06982421875,19945.640625,15.100000381469727,97836.18856127484,1936842454813.9983,3362098754461.8013,96623.8671875,57.60813694849497
2025-02-14,97508.96875,70.73999786376953,266.2900085449219,6114.6298828125,20026.76953125,14.770000457763672,96561.6639990985,1914315097486.3865,3319242606866.4727,97508.96875,57.67325032301852
2025-02-15,97580.3515625,,,,,,97488.48148536457,1931656846871.4856,3368346159750.3066,97580.3515625,57.34733769211767
2025-02-16,96175.03125,,,,,,97569.95169430463,1934308378710.286,3361456022299.3486,96175.03125,57.5437657336107
2025-02-17,95773.3828125,,,,,,96149.3484548204,1905012222220.369,3325510126950.151,95773.3828125,57.28481193853615
2025-02-18,95539.546875,71.8499984741211,270.70001220703125,6129.580078125,20041.259765625,15.350000381469727,95776.15723852724,1898997753781.9536,3306796624473.4727,95539.546875,57.42711056759722
2025-02-19,96635.609375,72.25,270.8500061035156,6144.14990234375,20056.25,15.270000457763672,95495.89153299289,1892702154844.508,3262992690830.344,96635.609375,58.00509943412917
2025-02-20,98333.9375,72.56999969482422,270.989990234375,6117.52001953125,19962.359375,15.65999984741211,96554.87156259285,1914337919659.5537,3310887160098.358,98333.9375,57.81948544578861
2025-02-21,96125.546875,70.4000015258789,270.739990234375,6013.1298828125,19524.009765625,18.209999084472656,98384.31738240314,1950376106325.3228,3362718403426.0293,96125.546875,57.999983118961914
2025-02-22,96577.7578125,,,,,,96135.15541305284,1906058197506.3809,3279185832212.78,96577.7578125,58.12595854685617
2025-02-23,96273.921875,,,,,,96564.15414290236,1915260330870.798,3320299656573.1875,96273.921875,57.683357798118095
2025-02-24,91418.171875,70.69999694824219,272.2099914550781,5983.25,19286.9296875,18.979999542236328,96327.46309127836,1909625674815.4763,3318318452564.864,91418.171875,57.54799312101733
2025-02-25,88736.171875,68.93000030517578,268.6199951171875,5955.25,19026.390625,19.43000030517578,91396.76686930266,1814176779160.4363,3089280542214.4653,88736.171875,58.724895792727
2025-02-26,84347.0234375,68.62000274658203,269.0299987792969,5956.06005859375,19075.259765625,19.100000381469727,88755.7693356979,1759750360550.3335,3039647433593.1743,84347.0234375,57.893239232358226
2025-02-27,84704.2265625,70.3499984741211,264.92999267578125,5861.56982421875,18544.419921875,21.1299991607666,83900.11496524839,1664314955447.7466,2907656409996.885,84704.2265625,57.23905168869419
2025-02-28,84373.0078125,69.76000213623047,263.2699890136719,5954.5,18847.279296875,19.6299991607666,84709.14477847965,1679555320077.2097,2917564490547.6294,84373.0078125,57.56703324017889
2025-03-01,86031.9140625,,,,,,84441.9012237131,1674754437110.342,2899432783491.76,86031.9140625,57.76145067565426
2025-03-02,94248.3515625,,,,,,86005.25629681018,1705564098300.8235,2939199442140.362,94248.3515625,58.02818528908029
2025-03-03,86065.671875,68.37000274658203,266.739990234375,5849.72021484375,18350.189453125,22.780000686645508,94261.5328653844,1868321705444.488,3262655742406.368,86065.671875,57.26383207277975
2025-03-04,87222.1953125,68.26000213623047,269.05999755859375,5778.14990234375,18285.16015625,23.510000228881836,86124.71418722175,1708198960874.3418,2924340705542.9453,87222.1953125,58.41313078317222
2025-03-05,90623.5625,66.30999755859375,269.6199951171875,5842.6298828125,18552.73046875,21.93000030517578,87310.80531078295,1731441668069.6523,2971786261158.8,90623.5625,58.26265807536591
2025-03-06,89961.7265625,66.36000061035156,268.25,5738.52001953125,18069.259765625,24.8700008392334,90604.08098523636,1797706868227.531,3070743743334.4844,89961.7265625,58.54304424228582
2025-03-07,86742.671875,67.04000091552734,268.3900146484375,5770.2001953125,18196.220703125,23.3700008392334,90001.40087607042,1782785866811.654,3048253134177.3154,86742.671875,58.48549278348582
2025-03-08,86154.59375,,,,,,86773.33597555371,1720436931689.2776,2949889970352.299,86154.59375,58.32207129691043
2025-03-09,80601.0390625,,,,,,86142.9833586432,1708605516770.228,2936577552534.0723,80601.0390625,58.1835652627602
2025-03-10,78532.0,66.02999877929688,266.0400085449219,5614.56005859375,17468.3203125,27.860000610351562,80751.13893300897,1602073794580.0344,2744286384538.148,78532.0,58.37852068233239
2025-03-11,82862.2109375,66.25,269.1600036621094,5572.06982421875,17436.099609375,26.920000076293945,78783.94057934263,1563547150147.7332,2649801431738.14,82862.2109375,59.006200669237415
2025-03-12,83722.359375,67.68000030517578,270.3299865722656,5599.2998046875,17648.44921875,24.229999542236328,82799.1080292053,1642997419531.6057,2775246962824.081,83722.359375,59.201845512865546
2025-03-13,81066.703125,66.55000305175781,275.1300048828125,5521.52001953125,17303.009765625,24.65999984741211,83884.24578828987,1662502658717.542,2799956491965.222,81066.703125,59.37601757342562
2025-03-14,83969.1015625,67.18000030517578,275.239990234375,5638.93994140625,17754.08984375,21.770000457763672,81098.90052436228,1608477373718.186,2739489695320.552,83969.1015625,58.71448892345534
2025-03-15,84343.109375,,,,,,83971.70916064628,1665725559905.8198,2829745678418.4585,84343.109375,58.864850386017444
2025-03-16,82579.6875,,,,,,84391.69087647168,1674173293916.4658,2857579098855.004,82579.6875,58.58711993614756
2025-03-17,84075.6875,67.58000183105469,276.7300109863281,5675.1201171875,17808.66015625,20.510000228881836,82610.61750343916,1638672153483.722,2789546968366.306,84075.6875,58.74330749997759
2025-03-18,82718.5,66.9000015258789,279.9599914550781,5614.66015625,17504.119140625,21.700000762939453,84075.36559694471,1667799227887.438,2844389810207.0337,82718.5,58.63469282243155
2025-03-19,86854.2265625,67.16000366210938,281.1099853515625,5675.2900390625,17750.7890625,19.899999618530273,82780.03048688271,1642578274105.806,2809241675795.6387,86854.2265625,58.47052207213862
2025-03-20,84167.1953125,68.26000213623047,280.75,5662.89013671875,17691.630859375,19.799999237060547,86815.44109470697,1721565138141.278,2947350583137.59,84167.1953125,58.41059926805834
2025-03-21,84043.2421875,68.27999877929688,278.489990234375,5667.56005859375,17784.05078125,19.280000686645508,84270.84358966233,1672550706502.8184,2862745153904.8,84043.2421875,58.42471531988973
2025-03-22,83832.484375,,,,,,84009.532917822,1666749159154.2927,2852624316365.709,83832.484375,58.428624813720965
2025-03-23,86054.375,,,,,,83793.30854192551,1662574363663.653,2851924242201.555,86054.375,58.29658232366726
2025-03-24,87498.9140625,69.11000061035156,277.25,5767.56982421875,18188.58984375,17.479999542236328,85787.70914901773,1702009594329.4497,2909830869466.153,87498.9140625,58.491701775151824
2025-03-25,87471.703125,69.0,278.4700012207031,5776.64990234375,18271.859375,17.149999618530273,87327.72969669085,1732715331970.134,2969384380178.878,87471.703125,58.3526788763452
2025-03-26,86900.8828125,69.6500015258789,278.239990234375,5712.2001953125,17899.01953125,18.329999923706055,87520.58391530563,1735368473904.4883,2973105231261.093,86900.8828125,58.36888838167368
2025-03-27,87177.1015625,69.91999816894531,281.9700012207031,5693.31005859375,17804.029296875,18.690000534057617,86960.8555491039,1724854479045.6724,2939384001504.946,87177.1015625,58.68081469323362
2025-03-28,84353.1484375,69.36000061035156,284.05999755859375,5580.93994140625,17322.990234375,21.649999618530273,87227.27158032371,1729729987159.4822,2950543179795.785,84353.1484375,58.624120433282435
2025-03-29,82597.5859375,,,,,,84359.46915506005,1673182800974.1038,2841814641961.42,82597.5859375,58.87726723159091
2025-03-30,82334.5234375,,,,,,82679.17255385047,1640665503855.1438,2773383203698.863,82334.5234375,59.15754814073249
2025-03-31,82548.9140625,71.4800033569336,288.1400146484375,5611.85009765625,17299.2890625,22.280000686645508,82356.38111183756,1633996304187.2593,2761955521241.7407,82548.9140625,59.16084787102708
2025-04-01,85169.171875,71.19999694824219,287.57000732421875,5633.06982421875,17449.890625,21.770000457763672,82514.09365397849,1635076581047.3545,2766428444433.608,85169.171875,59.10424266846043
2025-04-02,82485.7109375,71.70999908447266,288.1600036621094,5670.97021484375,17601.05078125,21.510000228881836,85237.5876052852,1690602036035.04,2842590585103.962,82485.7109375,59.47398984905911
2025-04-03,83102.828125,66.94999694824219,286.4200134277344,5396.52001953125,16550.609375,30.020000457763672,82526.4221526433,1637358764747.381,2740767168560.874,83102.828125,59.7408923869709
2025-04-04,83843.8046875,61.9900016784668,279.7200012207031,5074.080078125,15587.7900390625,45.310001373291016,83163.98757387721,1652537223074.958,2758692011743.04,83843.8046875,59.90292559084281
2025-04-05,83504.796875,,,,,,83852.00765399594,1664234880198.049,2782640193454.0767,83504.796875,59.80776401178347
2025-04-06,78214.484375,,,,,,83595.88550177493,1656020067997.187,2771559075551.9287,78214.484375,59.75048782488632
2025-04-07,79235.3359375,60.70000076293945,273.7099914550781,5062.25,15603.259765625,46.97999954223633,78211.48358199988,1555325260787.2627,2569456992524.639,79235.3359375,60.53128210793932
2025-04-08,76271.953125,59.58000183105469,275.20001220703125,4982.77001953125,15267.91015625,52.33000183105469,79179.29226757778,1581407565278.352,2591026789764.569,76271.953125,61.03401059091501
2025-04-09,82573.953125,62.349998474121094,285.3800048828125,5456.89990234375,17124.970703125,33.619998931884766,76329.090356324,1515042499757.3254,2507444788613.5,82573.953125,60.42176907093828
2025-04-10,79626.140625,60.06999969482422,292.3500061035156,5268.0498046875,16387.310546875,40.720001220703125,82622.17029546302,1640567909122.172,2718642638293.754,79626.140625,60.34511068184409
2025-04-11,83404.8359375,61.5,297.92999267578125,5363.35986328125,16724.4609375,37.560001373291016,79596.35732250768,1580023209138.0547,2622042736187.1357,83404.8359375,60.25924701119318
2025-04-12,85287.109375,,,,,,83439.28818043756,1655868880454.1702,2725382574862.281,85287.109375,60.757300487908374
2025-04-13,83684.9765625,,,,,,85305.09728392666,1693600655371.0874,2803725709200.883,83684.9765625,60.40536168760235
2025-04-14,84542.390625,61.529998779296875,296.2300109863281,5405.97021484375,16831.48046875,30.889999389648438,83600.82010054543,1658923208081.8682,2742476449728.155,84542.390625,60.489970962059026
2025-04-15,83668.9921875,61.33000183105469,297.7799987792969,5396.6298828125,16823.169921875,30.1200008392334,84523.4524914945,1677843510120.269,2764672480281.164,83668.9921875,60.68868996553379
2025-04-16,84033.8671875,62.470001220703125,307.4700012207031,5275.7001953125,16307.16015625,32.63999938964844,83656.49248858042,1660749023283.0562,2729062570747.384,84033.8671875,60.854193710488715
2025-04-17,84895.75,64.68000030517578,306.1199951171875,5282.7001953125,16286.4501953125,29.649999618530273,84105.77942167096,1670497569762.047,2738068322315.763,84895.75,61.01007619668154
2025-04-18,84450.8046875,,,,,,84930.90857600998,1686226810049.1836,2762306154814.599,84450.8046875,61.04416800831984
2025-04-19,85063.4140625,,,,,,84433.75017215389,1676373197914.5117,2756415314059.2944,85063.4140625,60.81714861196895
2025-04-20,85174.3046875,,,,,,85126.66244301842,1690090596771.3958,2783459616190.356,85174.3046875,60.7190629582252
2025-04-21,87518.90625,63.08000183105469,315.5899963378906,5158.2001953125,15870.900390625,33.81999969482422,85073.16544858096,1689008667806.3804,2780221649335.0166,87518.90625,60.750863810098146
2025-04-22,93441.890625,64.30999755859375,311.1099853515625,5287.759765625,16300.419921875,30.56999969482422,87452.04699068287,1735703747771.06,2829235131727.1924,93441.890625,61.348868756321686
2025-04-23,93699.109375,62.27000045776367,303.6499938964844,5375.85986328125,16708.05078125,28.450000762939453,93576.1658857398,1858587811717.8289,3017224310851.8745,93699.109375,61.599258796674626
2025-04-24,93943.796875,62.790000915527344,308.07000732421875,5484.77001953125,17166.0390625,26.469999313354492,93605.45230873208,1858660302322.256,3034692905267.4453,93943.796875,61.247063882348705
2025-04-25,94720.5,63.02000045776367,304.7300109863281,5525.2099609375,17382.939453125,24.84000015258789,93872.81422867288,1864298110563.3408,3041970736906.868,94720.5,61.28586603232724
2025-04-26,94646.9296875,,,,,,94773.11200643536,1882121595175.8464,3063422805613.236,94646.9296875,61.43851876166612
2025-04-27,93754.84375,,,,,,94644.06637120109,1879131951239.1848,3073597652704.537,93754.84375,61.137863948643
2025-04-28,94978.75,62.04999923706055,309.07000732421875,5528.75,17366.130859375,25.149999618530273,93809.33781968225,1862772247122.064,3045977272924.88,94978.75,61.15515909064381
2025-04-29,94284.7890625,60.41999816894531,306.05999755859375,5560.830078125,17461.3203125,24.170000076293945,95030.60645474444,1887067388174.348,3078678063114.1685,94284.7890625,61.29472940946371
2025-04-30,94207.3125,58.209999084472656,303.7699890136719,5569.06005859375,17446.33984375,24.700000762939453,94256.35946318062,1870818389258.404,3055787492662.651,94207.3125,61.22213647874683
2025-05-01,96492.3359375,59.2400016784668,297.4599914550781,5604.14013671875,17710.740234375,24.600000381469727,94235.75331048168,1871350362569.0933,3050884140375.7056,96492.3359375,61.33796881380894
2025-05-02,96910.0703125,58.290000915527344,297.9800109863281,5686.669921875,17977.73046875,22.68000030517578,96426.94522273028,1914884389769.3943,3113990035727.0474,96910.0703125,61.49295173715325
2025-05-03,95891.796875,,,,,,96855.5681343944,1923251765866.1472,3122058229228.38,95891.796875,61.602046619786485
2025-05-04,94315.9765625,,,,,,95922.86842404422,1904894886394.57,3087351263766.602,94315.9765625,61.69997268372299
2025-05-05,94748.0546875,57.130001068115234,306.8800048828125,5650.3798828125,17844.240234375,23.639999389648438,94326.62048529249,1872812442453.032,3039062510287.028,94748.0546875,61.62467656106725
2025-05-06,96802.4765625,59.09000015258789,315.4800109863281,5606.91015625,17689.66015625,24.760000228881836,94758.8237105546,1882511286487.958,3051964488713.828,96802.4765625,61.68195250794986
2025-05-07,97032.3203125,58.06999969482422,310.75,5631.27978515625,17738.16015625,23.549999237060547,96854.53198815876,1923643840814.599,3092871840495.847,97032.3203125,62.19604109125329
2025-05-08,103241.4609375,59.90999984741211,304.6300048828125,5663.93994140625,17928.140625,22.479999542236328,97026.493769668,1927134557858.269,3096228493078.8545,103241.4609375,62.24135467282482
2025-05-09,102970.8515625,61.02000045776367,306.8399963378906,5659.91015625,17928.919921875,21.899999618530273,103076.27555512934,2047883753852.6929,3341963966926.2666,102970.8515625,61.27785260761536
2025-05-10,104696.328125,,,,,,102962.540456923,2045046445523.524,3382312175548.532,104696.328125,60.46297146394729
2025-05-11,104106.359375,,,,,,104630.8792994166,2077132539531.3464,3494536279311.385,104106.359375,59.43943268892477
2025-05-12,102812.953125,61.95000076293945,298.19000244140625,5844.18994140625,18708.33984375,18.389999389648438,103994.061616746,2065659960471.3652,3450658242625.493,102812.953125,59.86278023579848
2025-05-13,104169.8125,63.66999816894531,299.4599914550781,5886.5498046875,19010.08984375,18.219999313354492,102876.8304286011,2044347271866.171,3436263953248.537,104169.8125,59.49331307723054
2025-05-14,103539.4140625,63.150001525878906,293.1600036621094,5892.580078125,19146.810546875,18.6200008392334,104184.49039270742,2069356072124.024,3510566616013.9067,103539.4140625,58.94649777287765
2025-05-15,103744.640625,61.619998931884766,297.8399963378906,5916.93017578125,19112.3203125,17.829999923706055,103594.42575090707,2057798367292.564,3462545183087.201,103744.640625,59.430224256534714
2025-05-16,103489.2890625,62.4900016784668,294.239990234375,5958.3798828125,19211.099609375,17.239999771118164,103708.8513642364,2060142559914.034,3426706490749.9,103489.2890625,60.12019312057254
2025-05-17,103191.0859375,,,,,,103556.03493982446,2057725640290.077,3419008685865.9883,103191.0859375,60.18486144234182
2025-05-18,106446.0078125,,,,,,103212.36483885496,2050318521477.805,3387150192193.1743,106446.0078125,60.53225883527258
2025-05-19,105606.1796875,62.689998626708984,298.0299987792969,5963.60009765625,19215.4609375,18.139999389648438,106030.6376831359,2104889720872.8303,3479811014678.802,105606.1796875,60.488621709449895
2025-05-20,106791.0859375,62.560001373291016,303.5799865722656,5940.4599609375,19142.7109375,18.09000015258789,105629.41580436694,2098485415895.0496,3454163050774.796,106791.0859375,60.752355492435214
2025-05-21,109678.078125,61.56999969482422,305.82000732421875,5844.60986328125,18872.640625,20.8700008392334,106786.71995834044,2121778617273.821,3481436913386.379,109678.078125,60.94548515629933
2025-05-22,111673.28125,61.20000076293945,303.1099853515625,5842.009765625,18925.740234375,20.280000686645508,109665.86371625264,2178838967665.505,3565145966438.86,111673.28125,61.115000288246144
2025-05-23,107287.796875,61.529998779296875,309.75,5802.81982421875,18737.2109375,22.290000915527344,111560.356938144,2214712145787.249,3645865451592.045,107287.796875,60.74585513900816
2025-05-24,107791.15625,,,,,,107216.66856870624,2131595896624.441,3497213415749.625,107791.15625,60.95126728683028
2025-05-25,109035.390625,,,,,,107831.36374380375,2142540077685.22,3512928691998.3506,109035.390625,60.99013858622969
2025-05-26,109440.3671875,,,,,,108861.81037744328,2163072841533.6133,3544064069739.016,109440.3671875,61.033683335552716
2025-05-27,108994.640625,60.88999938964844,304.5,5921.5400390625,19199.16015625,18.959999084472656,109377.71513263127,2173059855839.4187,3550954764368.976,108994.640625,61.196495028445774
2025-05-28,107802.328125,61.84000015258789,303.80999755859375,5888.5498046875,19100.939453125,19.309999465942383,109068.45694901443,2167551887130.0076,3564198273712.389,107802.328125,60.814570926558865
2025-05-29,105641.7578125,60.939998626708984,305.6099853515625,5912.169921875,19175.869140625,19.18000030517578,107838.18431100152,2143342706888.307,3532754544132.3643,105641.7578125,60.67058099035597
2025-05-30,103998.5703125,60.790000915527344,303.6000061035156,5911.68994140625,19113.76953125,18.56999969482422,105745.41660358038,2101348752694.3137,3466808300896.8945,103998.5703125,60.6133529838
2025-05-31,104638.09375,,,,,,104010.91956242644,2066830946978.064,3374422843791.5864,104638.09375,61.24990976696094
2025-06-01,105652.1015625,,,,,,104687.50742934884,2080467809295.7693,3394066140352.021,105652.1015625,61.29720881278967
2025-06-02,105881.53125,62.52000045776367,311.6700134277344,5935.93994140625,19242.609375,18.360000610351562,105710.00593822816,2101178071590.9749,3422013828776.095,105881.53125,61.40179954627695
2025-06-03,105432.46875,63.40999984741211,308.9100036621094,5970.3701171875,19398.9609375,17.690000534057617,105884.74263221148,2104229403094.936,3441580892502.9785,105432.46875,61.14136115988779
2025-06-04,104731.984375,62.849998474121094,310.8999938964844,5970.81005859375,19460.490234375,17.610000610351562,105434.47745144973,2095294001281.48,3432676508810.939,104731.984375,61.03965800165885
2025-06-05,101575.953125,63.369998931884766,309.3299865722656,5939.2998046875,19298.44921875,18.479999542236328,104812.9182188067,2083148839111.2068,3409253700280.385,101575.953125,61.10278149554795
2025-06-06,104390.34375,64.58000183105469,305.17999267578125,6000.35986328125,19529.94921875,16.770000457763672,101650.7387545425,2020294099992.368,3286730484455.8438,104390.34375,61.468200984141575
2025-06-07,105615.625,,,,,,104409.74967959142,2075175500201.4253,3368073994918.28,105615.625,61.613120832037296
2025-06-08,105793.6484375,,,,,,105681.4546141758,2100553336902.508,3413633564289.677,105793.6484375,61.53423609600581
2025-06-09,110294.1015625,65.29000091552734,306.6199951171875,6005.8798828125,19591.240234375,17.15999984741211,105692.24740699006,2100654769399.4705,3421156961744.0303,110294.1015625,61.401882254727155
2025-06-10,110257.234375,64.9800033569336,306.7099914550781,6038.81005859375,19714.990234375,16.950000762939453,110261.57485948496,2191877481230.9468,3565535058485.204,110257.234375,61.47401288383777
2025-06-11,108686.625,68.1500015258789,308.3699951171875,6022.240234375,19615.880859375,17.260000228881836,110212.73252109604,2189350055406.3333,3597598411234.7964,108686.625,60.855876758486986
2025-06-12,105929.0546875,68.04000091552734,312.20001220703125,6045.259765625,19662.490234375,18.020000457763672,108679.9760916168,2159529375273.496,3543656372525.4805,105929.0546875,60.94071061789917
2025-06-13,106090.96875,72.9800033569336,316.2900085449219,5976.97021484375,19406.830078125,20.81999969482422,105979.22902375912,2107911943768.2988,3442817978976.225,106090.96875,61.22635459209258
2025-06-14,105472.40625,,,,,,106045.56440819205,2107973087547.792,3425440069275.547,105472.40625,61.53875253738161
2025-06-15,105552.0234375,,,,,,105482.90611628916,2097486541223.27,3396193128592.072,105552.0234375,61.759931246689895
2025-06-16,106796.7578125,71.7699966430664,311.7799987792969,6033.10986328125,19701.2109375,19.110000610351562,105554.49383061715,2098499110552.6216,3408915710836.889,106796.7578125,61.5591375252115
2025-06-17,104601.1171875,74.83999633789062,311.94000244140625,5982.72021484375,19521.08984375,21.600000381469727,106951.2720181497,2127895470544.7175,3442768945008.498,104601.1171875,61.80767587176737
2025-06-18,104883.328125,75.13999938964844,310.260009765625,5980.8701171875,19546.26953125,20.139999389648438,104683.42479835715,2080968120976.949,3371068463276.081,104883.328125,61.73022421961186
2025-06-19,104684.2890625,,,,,,104722.695052907,2081677732261.6853,3377736531891.2905,104684.2890625,61.62936962688723
2025-06-20,103309.6015625,74.93000030517578,310.1300048828125,5967.83984375,19447.41015625,20.6200008392334,104690.65002458123,2081355279873.408,3372899453699.82,103309.6015625,61.70819226734778
2025-06-21,102257.40625,,,,,,103290.105144757,2054120245608.2085,3310281045585.5195,102257.40625,62.052744686059654
2025-06-22,100987.140625,,,,,,101532.5683847329,2017415966695.528,3248868008770.5884,100987.140625,62.09596577175024
2025-06-23,105577.7734375,68.51000213623047,311.0799865722656,6025.169921875,19630.970703125,19.829999923706055,100852.58264648831,2005179769771.7349,3204402531092.2783,105577.7734375,62.57577661718528
2025-06-24,106045.6328125,64.37000274658203,306.19000244140625,6092.18017578125,19912.529296875,17.479999542236328,105511.62437933136,2097741233586.592,3372419346402.418,106045.6328125,62.20285848568597
2025-06-25,107361.2578125,64.91999816894531,307.1199951171875,6092.16015625,19973.55078125,16.760000228881836,105976.06929808448,2107110352429.8032,3391502334855.836,107361.2578125,62.1291140145823
2025-06-26,106960.0,65.23999786376953,306.7799987792969,6141.02001953125,20167.91015625,16.59000015258789,107238.53045016268,2132141147369.0017,3407985742043.8687,106960.0,62.56308883763975
2025-06-27,107088.4296875,65.5199966430664,301.2200012207031,6173.06982421875,20273.4609375,16.31999969482422,106984.01253775664,2127292099754.93,3383566164219.0835,107088.4296875,62.87130194913455
2025-06-28,107327.703125,,,,,,107078.91560644074,2129020567385.9597,3396256657114.3306,107327.703125,62.68726961274203
2025-06-29,108385.5703125,,,,,,107331.58548463575,2134239999929.6584,3416694195935.9526,108385.5703125,62.46505767089919
2025-06-30,107135.3359375,65.11000061035156,304.8299865722656,6204.9501953125,20369.73046875,16.729999542236328,108396.61631317894,2155183166489.813,3461179631531.975,107135.3359375,62.26730178508225
2025-07-01,105698.28125,65.44999694824219,307.54998779296875,6198.009765625,20202.890625,16.829999923706055,107132.79910701896,2130471589191.581,3429992698095.514,105698.28125,62.11300654880445
2025-07-02,108859.3203125,67.44999694824219,309.25,6227.419921875,20393.130859375,16.639999389648438,105613.39974163056,2100087563077.9324,3366880600834.5444,108859.3203125,62.3748749081683
2025-07-03,109647.9765625,67.0,307.1400146484375,6279.35009765625,20601.099609375,16.3799991607666,108824.44423167944,2163835371770.0977,3480118360203.354,109647.9765625,62.17706261127447
2025-07-04,108034.3359375,66.5,,,,,109602.20483914016,2179664531219.9343,3463797575321.756,108034.3359375,62.927018216919414
2025-07-05,108231.1796875,,,,,,108040.8919400104,2148601712907.3435,3402292032681.3896,108231.1796875,63.151595814484004
2025-07-06,109232.0703125,,,,,,108217.46849992426,2152344091389.654,3409129363800.2944,109232.0703125,63.134714518147504
2025-07-07,108299.8515625,67.93000030517578,307.3699951171875,6229.97998046875,20412.51953125,17.790000915527344,109215.19771840284,2171497503296.0476,3449003301918.13,108299.8515625,62.96014567711171
2025-07-08,108950.2734375,68.33000183105469,304.1600036621094,6225.52001953125,20418.4609375,16.809999465942383,108300.71675785031,2153777588647.4504,3419633231943.786,108950.2734375,62.98270728358788
2025-07-09,111326.5546875,68.37999725341797,305.5199890136719,6263.259765625,20611.33984375,15.9399995803833,108953.19187727802,2167049398056.7417,3440319567929.453,111326.5546875,62.98977043463944
2025-07-10,115987.203125,66.56999969482422,306.20001220703125,6280.4599609375,20630.66015625,15.779999732971191,111327.53054245668,2215210888568.426,3532002768457.15,115987.203125,62.71826591846287
2025-07-11,117516.9921875,68.44999694824219,309.1400146484375,6259.75,20585.529296875,16.399999618530273,115879.65030112496,2303292356999.744,3686496437626.315,117516.9921875,62.47916947623047
2025-07-12,117435.2265625,,,,,,117571.02510036016,2338612196961.744,3740436367668.712,117435.2265625,62.52244302766531
2025-07-13,119116.1171875,,,,,,117418.95745007684,2335485977830.673,3731569457073.714,119116.1171875,62.5872305124438
2025-07-14,119849.703125,66.9800033569336,308.010009765625,6268.56005859375,20640.330078125,17.200000762939453,119117.55666327637,2369050366835.5605,3788983350268.793,119849.703125,62.52469720320883
2025-07-15,117777.1875,66.5199966430664,306.7300109863281,6243.759765625,20677.80078125,17.3799991607666,119833.67446712356,2383825813673.847,3818612249276.22,117777.1875,62.426495754463616
2025-07-16,118738.5078125,66.37999725341797,308.260009765625,6263.7001953125,20730.490234375,17.15999984741211,117678.19493404306,2341223394839.9204,3799565728441.717,118738.5078125,61.61818381807823
2025-07-17,119289.84375,67.54000091552734,307.5899963378906,6297.35986328125,20885.650390625,16.520000457763672,118748.1627367753,2363194640209.576,3873368212842.8433,119289.84375,61.01136040653152
2025-07-18,118003.2265625,67.33999633789062,308.3900146484375,6296.7900390625,20895.650390625,16.40999984741211,119445.36520434044,2376237382764.3013,3941200930971.26,118003.2265625,60.292216113394325
2025-07-19,117939.9765625,,,,,,117988.94664455787,2347165317624.536,3921859340048.8223,117939.9765625,59.848278944020386
2025-07-20,117300.7890625,,,,,,117901.62655900871,2345398337785.541,3936726451784.46,117300.7890625,59.577376444898945
2025-07-21,117439.5390625,67.19999694824219,313.1300048828125,6305.60009765625,20974.1796875,16.649999618530273,117256.9208222684,2333757287859.664,3970086918829.094,117439.5390625,58.783531332557416
2025-07-22,119995.4140625,66.20999908447266,316.1000061035156,6309.6201171875,20892.689453125,16.5,117482.46977767294,2337365497467.132,3992700766853.322,119995.4140625,58.5409634719315
2025-07-23,118754.9609375,65.25,312.17999267578125,6358.91015625,21020.01953125,15.369999885559082,119955.79570607652,2387516761560.4927,4050424555915.771,118754.9609375,58.944852042076676
2025-07-24,118368.0,66.02999877929688,310.2699890136719,6363.35009765625,21057.9609375,15.390000343322754,118629.05588130427,2359931875300.5244,3944609687549.076,118368.0,59.826752511142175
2025-07-25,117635.8828125,65.16000366210938,307.3999938964844,6388.64013671875,21108.3203125,14.930000305175781,118354.43517438594,2354764508342.9937,3933717749062.223,117635.8828125,59.8610438917321
2025-07-26,117947.3671875,,,,,,117540.8083708574,2338855554998.781,3937491747149.965,117947.3671875,59.39963065806274
2025-07-27,119448.4921875,,,,,,117959.54234360624,2346959472845.027,3953090871584.0034,119448.4921875,59.3702383548952
2025-07-28,117924.4765625,66.70999908447266,305.4100036621094,6389.77001953125,21178.580078125,15.029999732971191,119418.91405141471,2376524838793.0137,4023709902909.19,117924.4765625,59.06302631496266
2025-07-29,117922.1484375,69.20999908447266,306.25,6370.85986328125,21098.2890625,15.979999542236328,118003.30201607826,2349472897426.4688,3946722066432.974,117922.1484375,59.52972765447123
2025-07-30,117831.1875,70.0,300.9599914550781,6362.89990234375,21129.669921875,15.479999542236328,117853.30892863822,2345126504020.1143,3941781981931.154,117831.1875,59.494069300889954
2025-07-31,115758.203125,69.26000213623047,302.9599914550781,6339.39013671875,21122.44921875,16.719999313354492,117833.24087995924,2343717963709.7124,3931253489999.272,115758.203125,59.61757413181073
2025-08-01,113320.0859375,67.33000183105469,309.1099853515625,6238.009765625,20650.130859375,20.3799991607666,115700.00243915782,2302199162425.1206,3853653501691.1465,113320.0859375,59.74068922944987
2025-08-02,112526.9140625,,,,,,113234.6051343189,2253609880959.403,3753938318749.193,112526.9140625,60.033215508727444
2025-08-03,114217.671875,,,,,,112554.90232221724,2240413983638.112,3699657464114.524,114217.671875,60.55733552009611
2025-08-04,115071.8828125,66.29000091552734,310.9100036621094,6329.93994140625,21053.580078125,17.520000457763672,114199.10966460756,2272802075267.0376,3776595954458.5073,115071.8828125,60.18123470645179
2025-08-05,114141.4453125,65.16000366210938,311.1600036621094,6299.18994140625,20916.55078125,17.850000381469727,115138.68613070175,2292395156144.1514,3848980265249.577,114141.4453125,59.558506361827426
2025-08-06,115028.0,64.3499984741211,310.5,6345.06005859375,21169.419921875,16.770000457763672,114128.35408881678,2271583255077.356,3794616824632.888,115028.0,59.86331058069667
2025-08-07,117496.8984375,63.880001068115234,313.1199951171875,6340.0,21242.69921875,16.56999969482422,115022.09576830892,2289295036528.6577,3834679569097.801,117496.8984375,59.699774003992424
2025-08-08,116688.7265625,63.880001068115234,313.04998779296875,6389.4501953125,21450.01953125,15.149999618530273,117463.47451085236,2337732858703.5435,3960588629322.4,116688.7265625,59.02488436683454
2025-08-09,116500.359375,,,,,,116688.36663186055,2323026541073.3213,3966768868395.375,116500.359375,58.56218544976694
2025-08-10,119306.7578125,,,,,,116510.08393213755,2318815857401.68,4007594477633.4976,119306.7578125,57.86054128837284
2025-08-11,118731.4453125,63.959999084472656,308.54998779296875,6373.4501953125,21385.400390625,16.25,119266.92516880557,2374097296837.8896,4061197457452.968,118731.4453125,58.45806124203661
2025-08-12,120172.90625,63.16999816894531,308.2699890136719,6445.759765625,21681.900390625,14.729999542236328,118773.79960860992,2364060561672.9995,4022821188354.391,120172.90625,58.76623521116686
2025-08-13,123344.0625,62.650001525878906,309.2099914550781,6466.580078125,21713.140625,14.489999771118164,120202.53485503166,2392854421745.616,4142601513448.27,123344.0625,57.762119141259674
2025-08-14,118359.578125,63.959999084472656,307.25,6468.5400390625,21710.669921875,14.829999923706055,123560.99363577303,2458895200752.567,4256926941330.963,118359.578125,57.76221285075128
2025-08-15,117398.3515625,62.79999923706055,307.42999267578125,6449.7998046875,21622.98046875,15.09000015258789,118405.59579823952,2360043737045.272,4084314852681.384,117398.3515625,57.783100034413
2025-08-16,117491.3515625,,,,,,117339.79190213275,2335290383260.173,4043169680651.7886,117491.3515625,57.758901251052784
2025-08-17,117453.0625,,,,,,117501.21653394958,2339465736068.208,4054775244483.822,117453.0625,57.696557639066505
2025-08-18,116252.3125,63.41999816894531,306.95001220703125,6449.14990234375,21629.76953125,14.989999771118164,117542.83687778088,2340648324181.828,4072858116796.905,116252.3125,57.469429502804005
2025-08-19,112831.1796875,62.349998474121094,305.2699890136719,6411.3701171875,21314.94921875,15.569999694824219,116256.41276740946,2313556987528.4634,4003226485169.9614,112831.1796875,57.79230818188991
2025-08-20,114274.7421875,63.209999084472656,308.3599853515625,6395.77978515625,21172.859375,15.6899995803833,112778.34483555844,2245419916215.7417,3865807912616.678,114274.7421875,58.08410471941602
2025-08-21,112419.03125,63.52000045776367,307.2900085449219,6370.169921875,21100.310546875,16.600000381469727,114252.39755195397,2274471285844.184,3964472157733.5327,112419.03125,57.37135223430316
2025-08-22,116874.0859375,63.65999984741211,310.5799865722656,6466.91015625,21496.5390625,14.220000267028809,112414.39987336512,2238121481749.57,3889146480368.9727,116874.0859375,57.547883399270525
2025-08-23,115374.328125,,,,,,116834.24948202296,2326174803320.612,4123879966616.748,115374.328125,56.407432373183674
2025-08-24,113458.4296875,,,,,,115359.98346714744,2296786080139.701,4080057599873.835,113458.4296875,56.29298175130477
2025-08-25,110124.3515625,64.80000305175781,309.8299865722656,6439.31982421875,21449.2890625,14.789999961853027,113399.54847314973,2259663171125.389,4034858367893.915,110124.3515625,56.003531353316646
2025-08-26,111802.65625,63.25,312.0799865722656,6465.93994140625,21544.26953125,14.619999885559082,110185.35443900424,2194453712375.598,3857876763047.904,111802.65625,56.88242126847713
2025-08-27,111222.0625,64.1500015258789,312.7099914550781,6481.39990234375,21590.140625,14.850000381469727,111842.70999260596,2227025695775.593,3954229956034.7656,111222.0625,56.32008559281707
2025-08-28,112544.8046875,64.5999984741211,315.0299987792969,6501.85986328125,21705.16015625,14.430000305175781,111216.08479629167,2215255294289.9937,3926222219441.025,112544.8046875,56.42205587144221
2025-08-29,108410.8359375,64.01000213623047,318.07000732421875,6460.259765625,21455.55078125,15.359999656677246,112525.59740669793,2239422945686.892,3977465169295.79,108410.8359375,56.30276697264911
2025-08-30,108808.0703125,,,,,,108480.30666639366,2160278651486.285,3841805697336.1553,108808.0703125,56.23081492601738
2025-08-31,108236.7109375,,,,,,108781.95727925688,2166165747945.181,3855768817024.263,108236.7109375,56.179865825486544
2025-09-01,109250.59375,,,,,,108253.36092385623,2155694976689.5984,3837516655218.16,109250.59375,56.17421813031971
2025-09-02,111200.5859375,65.58999633789062,325.5899963378906,6415.5400390625,21279.630859375,17.170000076293945,109162.68557992298,2174100506466.432,3841144032607.453,111200.5859375,56.60033802457036
2025-09-03,111723.2109375,63.970001220703125,328.1400146484375,6448.259765625,21497.73046875,16.350000381469727,111190.18209845416,2212595221503.454,3920828518925.316,111723.2109375,56.43182839605334
2025-09-04,110723.6015625,63.47999954223633,326.69000244140625,6502.080078125,21707.689453125,15.300000190734863,111711.51977725116,2225365905592.233,3953112579140.743,110723.6015625,56.29401796788552
2025-09-05,110650.984375,61.869998931884766,331.04998779296875,6481.5,21700.390625,15.180000305175781,110724.736377486,2204051936301.3257,3891389119928.351,110650.984375,56.63920693548907
2025-09-06,110224.6953125,,,,,,110662.18112628513,2204045604630.5625,3902544091833.176,110224.6953125,56.477148054341065
2025-09-07,111167.6171875,,,,,,110209.1888247784,2195288669199.568,3886987596390.521,111167.6171875,56.47789232047269
2025-09-08,112071.4296875,62.2599983215332,334.82000732421875,6495.14990234375,21798.69921875,15.109999656677246,111131.9923868407,2213764479139.3647,3931699576356.412,112071.4296875,56.30553495114462
2025-09-09,111530.546875,62.630001068115234,334.05999755859375,6512.60986328125,21879.490234375,15.039999961853027,112025.12878118773,2231763512226.867,3972196793344.72,111530.546875,56.18461592754193
2025-09-10,113955.359375,63.66999816894531,335.260009765625,6532.0400390625,21886.060546875,15.350000381469727,111547.43956434788,2222026777598.0474,3963755604753.596,113955.359375,56.058622154535634
2025-09-11,115507.5390625,62.369998931884766,334.760009765625,6587.47021484375,22043.0703125,14.710000038146973,113975.32489468766,2270241314652.7144,4038335401105.632,115507.5390625,56.21725511038925
2025-09-12,116101.578125,62.689998626708984,335.4200134277344,6584.2900390625,22141.099609375,14.760000228881836,115503.16663193036,2299764311655.674,4099576806409.8022,116101.578125,56.09760275889766
2025-09-13,115950.5078125,,,,,,116160.14344594492,2314347371939.946,4169643099842.145,115950.5078125,55.50468748818245
2025-09-14,115407.65625,,,,,,115970.58488443034,2310166037871.29,4172288645905.647,115407.65625,55.36927652736355
2025-09-15,115444.875,63.29999923706055,338.9100036621094,6615.27978515625,22348.75,15.6899995803833,115373.55555886828,2297459118244.424,4131564652492.944,115444.875,55.60748315673
2025-09-16,116843.1875,64.5199966430664,339.5899963378906,6606.759765625,22333.9609375,16.360000610351562,115397.25272727507,2297977599504.5527,4105069282044.624,116843.1875,55.97902109851828
2025-09-17,116468.5078125,64.05000305175781,336.9700012207031,6600.35009765625,22261.330078125,15.720000267028809,116762.8496864193,2325326932460.9644,4146265517599.565,116468.5078125,56.0824414787403
2025-09-18,117137.203125,63.56999969482422,335.6199951171875,6631.9599609375,22470.720703125,15.699999809265137,116455.9464822532,2321583680138.891,4176522033880.8057,117137.203125,55.58653016327286
2025-09-19,115688.859375,62.68000030517578,339.17999267578125,6664.35986328125,22631.48046875,15.449999809265137,117145.49508952006,2333705338232.097,4199099260338.819,115688.859375,55.57633181654759
2025-09-20,115721.9609375,,,,,,115655.81046441344,2303469041668.8,4124829510921.492,115721.9609375,55.84398180748571
2025-09-21,115306.09375,,,,,,115715.51536781774,2305371926506.302,4139330643146.548,115306.09375,55.69431691385381
2025-09-22,112748.5078125,62.63999938964844,345.04998779296875,6693.75,22788.98046875,16.100000381469727,115304.47999407038,2297332085237.645,4118717698064.713,112748.5078125,55.77784771015276
2025-09-23,112014.5,63.40999984741211,346.4599914550781,6656.919921875,22573.470703125,16.639999389648438,112696.74101711863,2245929069310.853,3987818384242.244,112014.5,56.319743100277094
2025-09-24,113328.6328125,64.98999786376953,343.32000732421875,6637.97021484375,22497.859375,16.18000030517578,112022.16587861197,2232693472656.6514,3963624758925.315,113328.6328125,56.329587396714544
2025-09-25,109049.2890625,64.9800033569336,344.75,6604.72021484375,22384.69921875,16.739999771118164,113320.56908541008,2257741194218.8286,3996058179382.187,109049.2890625,56.49920729051768
2025-09-26,109712.828125,65.72000122070312,346.739990234375,6643.7001953125,22484.0703125,15.289999961853027,108963.53013595636,2171950311711.4429,3816973466449.633,109712.828125,56.90242100979779
2025-09-27,109681.9453125,,,,,,109710.20874667744,2185866776171.5464,3879708416753.552,109681.9453125,56.34100662648839
2025-09-28,112122.640625,,,,,,109654.81021075726,2185203231301.056,3876003231323.2695,112122.640625,56.377745344526616
2025-09-29,114400.3828125,63.45000076293945,352.4599914550781,6661.2099609375,22591.150390625,16.1200008392334,112142.57362752674,2235798877396.134,3962712005220.048,114400.3828125,56.420927749756586
2025-09-30,114056.0859375,62.369998931884766,355.4700012207031,6688.4599609375,22660.009765625,16.280000686645508,114309.15041119448,2278362523594.313,4023175394622.113,114056.0859375,56.63095192518482
2025-10-01,118648.9296875,61.779998779296875,356.0299987792969,6711.2001953125,22755.16015625,16.290000915527344,114024.22783550054,2272137555069.4507,3993635823099.3022,118648.9296875,56.89395968273679
2025-10-02,120681.2578125,60.47999954223633,354.7900085449219,6715.35009765625,22844.05078125,16.6299991607666,118503.24451752484,2359569556068.08,4150301068845.112,120681.2578125,56.852973240436945
2025-10-03,122266.53125,60.880001068115234,357.6400146484375,6715.7900390625,22780.509765625,16.649999618530273,120611.71911591051,2399524207991.5527,4245435532609.981,122266.53125,56.520095277866325
2025-10-04,122425.4296875,,,,,,122250.15186842805,2436956902844.716,4298138827401.871,122425.4296875,56.697956969384386
2025-10-05,123513.4765625,,,,,,122380.93708463266,2438832157552.7866,4276438956951.402,123513.4765625,57.0295094143326
2025-10-06,124752.53125,61.689998626708984,364.3800048828125,6740.27978515625,22941.669921875,16.3700008392334,123506.18520027678,2461221856764.1885,4304411877897.484,124752.53125,57.17905085714955
2025-10-07,121451.3828125,61.72999954223633,366.260009765625,6714.58984375,22788.359375,17.239999771118164,124773.50823074432,2486073086655.2866,4379182728595.05,121451.3828125,56.770252367452144
2025-10-08,123354.8671875,62.54999923706055,372.29998779296875,6753.72021484375,23043.380859375,16.299999237060547,121518.75593575073,2421938444026.2783,4256736193811.375,123354.8671875,56.89660654910671
2025-10-09,121705.5859375,61.5099983215332,365.42999267578125,6735.10986328125,23024.630859375,16.43000030517578,123352.50487523204,2459003621170.118,4322028086771.989,121705.5859375,56.89467009009385

